descripcion,violencia
"ESTAN SU EXPAREJA AGREDIENDOLA Y JALANDOLA AFUERA DEL DOMICILIO. ",1
" MENCIONAN QUE AFUERA DE DICHA VIVIENA SE ENCUENTRA UN SUJETO EBRIO QUE VISTE GORRA COLOR ROJO SUETER COLOR AZUL CON UN DIBUJO EN LA PARTE DE ENFRENTE EN COLOR ROJO  PANT COLOR OBSCURO  EL CUAL ESTA AGRESIVO CON LA INFORMANTE *CONYUGE* TRATA DE GOLPEARLA NUEVAMENTE  ESTA CAUSANDO DAnOS A LA VIVIENDA YA QUE TRATA DE INGRESAR NO PROPORCIONAN MAS DATOS AL RESPECTO  ",1
"1097129 REPORTA LA INFORMANTE QUE SU YERNO ESTA MUY ALTERADO Y ESTA AGREDIENDO A GOLPES AL ESPOSO DE LA REPORTANTE Y TRATA DE LLEVARSE A LA FUERZA A UNA MENOR HIJA DE ESTE EL AGRESOR VISTE: PANTALON DE MEZCLILLA GRIS Y PLAYERA GRIS LA INFORMANTE EN ESPERA DE LA UNIDAD DE POLICIA. SEGUN VERSION Y DATOS QUE LA PARTE INFORMANTE MANIFESTO.     ",1
" MENCIONAN QUE SOBRE LA VIA PUBLICA SE ENCUENTRAN 3 SUJETOS AGRESIVOS CON UNA FEMENINA INDICAN QUE TRATAN DE GOLPEARLA  A LA FEMENINA LE ACOMPAnA UN MENOR NO PROPORCIONAN MAS DATOS AL RESPECTO  ",1
"1097274 APROX. 8 SUJETOS EBRIOS AGREDEN A LA INFORMANTE Y SU FAMILIA... DESCONOCE SI PORTEN ARMA... SON TODOS LOS DATOS MANIFESTADOS... ",1
"1097374 REPORTA LA INFORMANTE QUE A SU HERMANA LA AGREDIO A GOLPES UNA FEMENINA DE LA ESQUINA Y ESTA SANGRANDO DE LA NARIZ NO REQUIERE ATENCION MEDICA REFIERE LA REPORTANTE Y DESCONOCE VESTIMENTAS DE LA AGRESORA. Y LA INFORMANTE ESTA MUY ALTERADA MANIFESTANDO PALABRAS ANTISONANTES SEGUN VERSION Y DATOS QUE LA PARTE INFORMANTE MANIFESTO.    ",1
"HOTEL ARANZAZU ENTRADA POR EL MOTOLOVI O ESTACIONAMIENTO *REPORTA A SUJETO ALCOHOLIZADO AGREDIENDO FISICAMENTE A SU PAREJA   DENTRO DEL HOTEL *DE A 45 A 50 AnOS DE EDAD ESTATURA MEDIA Y LO SEnALAN AL LLEGAR LA  UNIDAD ",1
"MASCULINO DESCONOCE QUE PORTE ARMAS DE  CHAMARRA CAFE PANTALON AZUL MORENO. AGREDIO A UNA PERSONA DEL SEX. FEMENIO FUERA DE CASA.  ",1
"REFIERE REPORTANTE DE UNA FEMENINA LA MISMA ESTA SIENDO AGREDIDA POR SUS HIJOS REFIERE REPORTANTE QUE LOS MISMOS SE ENCUENTRAN DROGADOS PIDE APOYO DE UNA UNIDAD. ",1
"INFORMA LA REPORTANTE UNA FEMANINA ESTA SIENDO AGREDIDA POR SU PAREJA EL CUAL A PARESER ESTA BAJO LOS INFLUJOS DE UNA DROGA REQUIERE EL APOYO DE LA UNIDAD.  ",1
"INFORMA OFICIAL DE LA FEDERAL LLEGO UNA FEMENINA DE 25 AnOS LA CUAL INFORMA ACABA DE SER AGREDIDA POR SU PAREJA POR LO QUE REQUIERE LA UNIDAD. ",1
"*SE ABRE REPORTE A LAS 1:03 HORAS SE REQUIERE EL APOYO MEDICO YA QUE UNA EMPLEADA DEL ESTABLECIMIENTO FUE AGREDIDA POR LAS PERSONAS AGRESIVAS LA USUARIA NO LO NOTIFICA EN EL PRIMER REPORTE EL REQUERIMIENTO DE ESTA UNIDAD SE ANEXA EN ESTE HORARIO* EN TIENDA DE EMPEnO... PRESTA FACIL LA USUARIA POR MEDIO DE MONITOREO REPORTA A UNA PAREJA HETEROSEXUAL DE 25 30 AnOS LOS CUALES ESTÁN AGRESIVOS AL PARECER INTENTARÓN ASALTAR NO PROPORCIONA MAS DATOS PIDE APOYO DE UNA UNIDAD PARA REVISAR LA SITUACIÓN PRESENTE.  ",1
" INDICA DENTRO DE UNA VIVIENDA DE MADERA (SIN NUMERO EXTERIOR) FEMENINA DE APROX. 19 AnOS FUE AGREDIDA POR 3 VECINAS QUE PORTABAN MACHETES Y CONTUNDENTES   REQUIERE AMBULANCIA Y UNIDAD.  ",1
"3  FEMENINAS ARRIBARON AL DOMICILIO GOLPEANDO A UNA JOVEN  LA AGREDIDA  SE REFUGIO EN EL DOMICILIO UNA DE LAS AGRESORAS VISTE BLUSA MARRON  ",1
"MENCIONA LA REPORTANTE PARAMEDICO QUE ARRIBO A LA CLINICA UNA FEMENINA LA CUAL FUE AGREDIDA REQUIERE LA UNIDAD DE SEGURIDAD PUBLICA. ",1
"INDICA QUE LA AGRESORA ES UNA FEMENINA DE ENTRE 25 A 30 AnOS DE EDAD COMPLEXIÓN DELGADA TEZ MORENA VISTE: FALDA COLOR SALMÓN Y BLUSA COLOR NEGRO. APARENTEMENTE SE ENCUENTRA EN ESTADO DE EBRIEDAD Y DROGADA.  ESTÁ AMEDRENTANDO A OTRA FEMENINA DE 45 AnOS DE EDAD. LA AGRESORA ES VECINA DEL LUGAR. AL INFORMANTE LE PIDE EL APOYO LA FEMENINA AGREDIDA.  NO PROPORCIONA MÁS INFORMACIÓN.  ",1
"C:1324263 NO PROPORCIONA UBICACION  ETAPA 13 INFORMA DE FEMENINA DE 17 AnOS LA CUAL FUE AGREDIDA A GOLPES POR UN VECINO PRESENTA DOLOR AGUDO EN RInON.  ",1
" INFORMANTE ACABA DE SER AGREDIDA FISICA Y VERBALMENTE POR SU COMPAnERO GUARDIA DE SEGURIDAD PRIVADA QUE INCLUSIVE LA AMENAZO DE MUERTE   ESTO SIN RAZON PUES LA AFECTADA ESTABA HABLANDO POR TELEFONO Y EL IBA LLEGANDO AL SERVICIO.  ",1
"FEMENINA DE 20 AnOS  FUE AGREDIDA A GOLPES PRESENTA CRISIS CONVULSIVAS Y UN MASCULINO TAMBIEN FUE AGREDIDO A GOLPES  ESTA INCONSCIENTE ESTAN DENTRO DE LA CASA HAY OTRO LESIONADO ESTA SANGRANDO HAY 3 MASCULINOS GOLPEANDOSE DENTRO Y FUERA DEL DOMICILIO.  ",1
"INFORMANTE ESPERA UNIDAD DE POLICIA ABORDO DE VEHICULO HONDA COLOR AZUL HACE MENCION QUE SU TRABAJADORA FUE AGREDIDA FISICAMENTE. ESPERA UNIDAD PARA SEnALAR AL AGRESOR.  ",1
"UNA FEMENINA  FUE AGREDIDA  Y VIOLADA POR UN SUJETO DE APROXIMADAMENTE 30 A 35 AnOS DE EDAD QUE MIDE  1.85 MTS  EL AGRESOR VIAJABA A BORDO DE UNA BICICLETA  AL PASAR POR EL PUENTE EL SUJETO LA TOMO POR LAS ESPALDA DEL CUELLO ARRASTRANDOLA JUNTO A LA CARRETERA  CERCA UN  ARBOL EN DONDE LA ATACO  EL AGRESOR VISTE SUDADERA  CON CAPUCHA OBSCURA  ENFILO POR LAS VIAS RUMBO A GUADALAJARA  LA AFECTADA SE RETIRO DEL LUGAR POR SUS MEDIOS  ",1
"FRENTE A ESTA FINCA ESCUCHAN A UNA JOVEN QUE ESTA SIENDO AGREDIDA POR DOS MASCULINOS  NO SON VECINOS DEL LUGAR  ",1
"REFIEREN DE UNA FEMENINA SIENDO AGREDIDA POR UN HOMBRE ",1
"CARBYNE 1376070 EMPLEADA DE TIENDA COPPEL MERCADO DEL MAR FEMENINA APROX. 40 AnOS FUE AGREDIDA POR UNA CLIENTA QUE LA AVENTO AL SUELO Y DEBIDO A UNA LESIÓN ANTERIOR EN COLUMNA REFIERE NO PODER MOVERSE ASI COMO PROBABLE FX ABRIGADA EN MUnECA DE EXTREMIDAD SUPERIOR DERECHA. DE LAS AGRESORAS SOLO INDICAN QUE UNA DE ELLAS TIENE EL CABELLO LARGO RUBIO Y LA OTRA PARTE NEGRA. HUYERON PIE TIERRA CON RUMBO A BLVD. DE LA ESPUELA.  LO ANTERIOR DEBIDO A UN INTENTO DE ROBO.  ",1
"EL REPORTANTE HACER REFERENCIA DE UNA FEMENINA AGREDIDA POR PARTE DE SU PRIMO.  ",1
" REFIERE REPORTANTE DE QUE SU HIJA DE 12 A?OS DE EDAD DE NOMBRE MARIBEL GUADALUPE CERVANTE ESPARZA FUE AGREDIDA FISICAMENTE EL DIA DE HOY 26 DE FEBRERO DEL PRESENTE A?O AL HORARIO DE LAS 14:00 HORAS POR UN GRUPO DE FEMENINAS ENTRE ELLAS UNA QUE RESPONDE A NOMBRE DE  JAZMIN ASI COMO OTRA DE NOMBRE  VALERIA LAS CUALES VIVEN EN  LA LADERA CHICA SIENDO ALGUNAS DE LAS QUE LA MENOR RECONOCE PIDE SU NUMERO DE REPORTE PARA ACUDIR ANTE FISCALIA A LEVANTAR SU DENUNCIA FORMAL .  ",1
"REFIERE REPORTANTE DE SER AGREDIDA JUNTO CON SU HERMANA DE 16 A?OS POR PARTE DE SU MADRE  PIDE APOYO CON SEGURIDAD PUBLICA . ",1
"REFIERE DE UN MASCULINO DE APROXIMADAMENTE 30 A 32 A?OS AGRESIVO CON SU PAREJA AL INTERIOR DE DOMICILIO EL REPORTANTE ES EL PAPA DE LA FEMENINA AGREDIDA  ",1
"INFORMA REPORTANTE QUE SU MAMA ESTA SIENDO AGREDIDA PPR SU PAPA EN EL INTERIOR DEL DOMICILIO MENCIOAN QUE SU DOMICILIO ESTA A UN LADO DE LA POLICIA MUNICIPAL ",1
"INFORMA REPORTANTE QUE UNA FEMENINA ESTA SIENDO AGREDIDA FISICAMENTE POR SU HIJA Y SU PAREJA EN EL INTERIOR DEL DOMICILIO ",1
"MENCIONA LA REPORTANTE QUE ESTA SIENDO AGREDIDA POR UN FAMILIAR EN EL JARDIN PRINCIPAL DE HUESCALAPA REQUIERE EL APOYO DE SEGURIDAD PUBLICA. ",1
"SIENDO LAS 21:51 HORAS DEL DÍA 28 DE FEBRERO DEL 2020 SE INFORMA A LA UNIDAD SP 08 AL MANDO DEL POLICÍA TERCERO ABEL LÓPEZ Y DE CONDUCTOR EL POLICÍA AXEL LUCAS SOBRE UNA FEMENINA LA CUAL FUE AGREDIDA FISICAMENTE POR OTRA ENCONTRANDOSE A LA ESPERA EN SU DOMICILIO FRANCISCO VILLA 8 VILLA OBREGÓN QUIENES ARRIBAN A LAS 22:05 HORAS SE ENTREVISTAN CON LA REPORTANTE LA C. ANGELICA VENTURA FUENTES DE 43 AnOS DE EDAD LA CUAL INDICA QUE ANTES DE CUALQUIER DENUNCIA PRIMERO ACUDIRÁ ANTE UN MÉDICO CON MOTIVO DE ACREDITAR LAS LESIONES EN SU CUERPO Y POSTERIOR A ESTO ACUDIRA ANTE EL JUEZ MUNICIPAL A DARLE SEGUIMIENTO A SU CASO DE LOS HECHOS QUEDA POR ENTERADO EL AGENTE DE MINISTERIO PÚBLICO LICENCIADO GERMAN OROZCO GARCÍA ",1
"MENCIONA QUE EN EL LUGAR ESTA REPORTANTE GOLPEADO FUE AGREDIDA POR PÉRSONAL DOND ETRABAJA ESPERAN ARRIBO DE LA UNIDAD ",1
"MASCULINO AGREDIENDO A FEMENINA EN EL INTERIOR DEL DOMICILIO. ",1
"ETAPA 13  RInA ENTRE 5 PERSONAS SON FAMILIARES ESTAN DENTRO DE LA CASA ESTAN EBRIOS AL PARECER UNO DE ELLOS TRAE ARMA BLANCA DESCONOCE SI HAY LESIONADOS.... ",0
"EN EL INTERIOR DE LA FINCA SUJETO ALCOHOLIZADO GOLPEO A SU PROGENITOR  Y NO ESTA ARMADO  ",0
"COTO NEPTUNO SU HERMANO ESTA AGRESIVO VERBAL Y FÍSICAMENTE DENTRO DE LA CASA NO HA LESIONADOS.  MENCIONA QUE YA LO HABIA REPORTADO EN DOS OCACIONES Y NO LLEGA EL APOYO...  ",0
"REFIERE EL REPORTNTE QUE SE ESCUCHAN GRITOS DE UNA PAREJA DISCUTIENDO Y PELEANDO EN EL INTERIOR DEL DOMICILIO MENCIONA QUE HAY NInOS DE POR MEDIO.QUE ES CONSTANTE.  ",1
"MASCULINO AGREDIENDO A GOLPES A FEMENINA EN EL INTERIOR DEL DOMICILIO COMO REFERENCIA ES A TRAS DEL DOMICILIO CIRCUITO FALABELLA 4 16. ",1
"MENCIONA EL REPORTANTE QUE SU VECINO ESTA GOLPEANDO A SU PAREJA VISTE PANTALON DE MECLILLA SIN CAMISA. SE ENCUNTRAN AFUERA DEL DOMICILIO. ",1
"MENCIONA EL REPORTANTE QUE SU VECINO ESTA GOLPEANDO A SU PAREJA VISTE PANTALON DE MECLILLA SIN CAMISA. SE ENCUNTRAN AFUERA DEL DOMICILIO. ",1
"REFIERE MASC ADULTO EBRIO GOLPEANDO SU ESPOSA AUTORIZA LA ENTRADA A ELEMENTOS DE SEGURIDAD ",1
"INDICA QUE EL AGRESOR ES UN MASCULINO DE 35 AnOS DE EDAD COMPLEXIÓN MEDIA TEZ CLARA VISTE: CAMISA A CUADROS Y PANTALÓN DE MEZCLILLA. SE ENCUENTRA EN ESTADO DE EBRIEDAD Y AMEDRENTA CONTRA SUS FAMILIARES. MENCIONA QUE SE ENCUENTRA EN LA ESQUINA CERCA DEL DOMICILIO SEnALADO. NO PROPORCIONA MÁS INFORMACIÓN.  ",0
"1097119 SUJETO EBRIO AGREDE FÍSICAMENTE A SU FAMILIA AMAGÁNDOLOS CON ARMA BLANCA... VISTE: CAMISA BLANCA PANTALÓN MEZCLILLA AZUL... SON TODOS LOS DATOS MANIFESTADOS... ",0
" USUARIA REPORTA QUE EN ESTE MOMENTO SU ESPOSO ESTA ALCOHOLIZADO Y LA AGREDIO FISICAMENTE.  EL CAUSANTE ES DE ESTATURA MEDIA BAJA USA BARBA DE TEZ MORENA COMPLEXION DELGADA REFIERE QUE ESTA EN EL INTERIOR DEL DOMICILIO. ",1
"1097160 HERMANO EBRIO Y DROGADO AGREDE FÍSICAMENTE A SU PROGENITORA Y HERMANO AMAGÁNDOLOS CON ARMA BLANCA... VISTE: CACHUCHA NEGRA PANTALÓN MEZCLILLA DESLAVADO CAMISA GRIS CHALECO NEGRO... SON TODOS LOS DATOS MANIFESTADOS... ",1
"MASCULINO DE 24 AnOS DE EDAD BAJO EFECTOS TOXICOS QUE LLEGAR AGREDIENDO A SUS FAMILIARES FISICAMENTE *ASI TAMBIEN AVENTANDO OBJETOS PARA HACER DESTROZOS *EN ESTE MOMENTO SUBE A LA PARTE SUPERIOR DE LA VIVIENDA DE DOS  PISOS Y DESDE ARRIBA SIGUE AVENTANDO OBJETOS *ESPERAN A LA UNIDAD Y LO SEnALAN ",0
"REFIERE EL REPORTANTE QUE SE ESTAN PELEANDO ENTRE LA FAMILIA AGREDIENDOSE VERBALMENTE  ",0
"REPORTA A SU EX PAREJA QUE CUENTA CON ORDEN DE RESTRICCION QUE LLEGA A OTRO DOMICILIO DONDE SE PROTEGE DE MOMENTO  *LLEGA AGREDIENDO A SU EX PAREJA SENTIMENTAL COMO A SU DOS MENORES  HIJOS DE 7 Y 5 AnOS DE EDAD *ES PELON ROBUSTO APROX. 75 KILOS ESTATURA APROX. 1.75. MORENO  CLARO DE 30 AnOS DE EDAD *AL LLEGAR LA UNIDAD LO SEnALAN ",0
"REFIERE LA REPORTANTE QUE UN MASCULINO ESTA AGREDIENDO FISICAMENTE A SU PAREJA. ",1
" MENCIONAN QUE UN SUJETO ESTA GOLPEANDO A UNA FEMENINA  *CONYUGE* EN EL INTERIOR DE UNA CASA CON FACHADA COLOR AZUL   LA FEMENINA ESTA GRITANDO QUE LE AUXILIEN  NO PROPORCIONAN MAS DATOS AL RESPECTO  ",1
"MASCULINO AGRESIVO  EN EL INTERIOR DE LA FINCA  NO PORTA ARMAS ES FAMILIAR.  ",0
"REFIERE LA REPORTANTE QUE SU ESPOSOS LA ESTA AGREDIENDO FISICA Y VERBALMENTE MENCION QUE ESTA BAJO LOS EFECTOS DEL ALCOHOL PIDE EL APOYO DE LAS UNIDADAES CORRESPONDIENTES ",1
"1097256 04:46 HRS. VUELVE A COMUNICARSE PARA MANIFESTAR QUE YA FUE CONTROLADO POR FAMILIARES Y LO RETIRAN A SU DOMICILIO...  TÍO DE LA INFORMANTE EBRIO AGREDE FÍSICAMENTE A LA FAMILIA Y TRANSEUNTES... AL PARECER NO PORTA ARMA... VISTE: PANTALÓN VESTIR GRIS SWETER AZUL TENIS AZULES... CAMINA POR VOLCÁN QUINCEO CON DIRECCIÓN HACIA PERIFÉRICO SEGUIDO POR FAMILIARES AMENZANDO ARROJARSE HACIA LOS VEHÍCULOS... SON TODOS LOS DATOS MANIFESTADOS... ",0
"INDICA QUE LOS AGRESORES SON DOS MASCULINOS DE ENTRE 35 A 38 AnOS DE EDAD COMPLEXIÓN DELGADA ESTATURA ALTA TEZ CLARA.  SE ENCUENTRAN EN ESTADO DE EBRIEDAD Y QUIEREN AGREDIR A UNA FEMENINA QUE SE ENCUENTRA EN EL LUGAR. NO PROPORCIONA MÁS INFORMACIÓN.  ",0
"1097329 PROGENITOR DE LA INFORMANTE EBRIO AGREDE FÍSICAMENTE A LA FAMILIA... AL PARECER NO PORTA ARMA... SON TODOS LOS DATOS MANIFESTADOS... ",0
"REFIEREN QUE EL PAPA AGREDIO FISICAMENTE A LA MAMA EH HIJOS. ",1
"REPORTA A SUJETO BAJO EFECTOS TOXICOS DE 23 AnOS DE EDAD Y AJENO AL LUGAR *QUIEN ESTA AGREDIENDO A SU PAREJA SENTIMENTAL CON CUATRO MESES DE  EMBARAZO *YA FUE REPORTADO A LA 1.30 HORAS Y AHORA REGRESA CON MAS VIOLENCIA *AL LLEGAR LA UNIDAD LO SEnALA SOLICITA LO RETIREN DEL LUGAR ",1
"REFIERE REPORTANTE QUE EN EL DOMICILIO PLEITO ENTRE FAMILIARES ",0
"MASCULINO AGRESIVO CON LA PAREJA ÉL SE ENCUENTRA EN EL INTERIOR DE LA FINCA  NO PORTA ARMAS  SE NIEGA A ENTREGARLE A SU HIJA DE 10 MESES DE NACIDA A LA REPORTANTE.  LA AFECTADA ESPERA UNIDAD EN LA VÍA PÚBLICA.  ",1
"SUJETO AJENO AL LUGAR QUE LLEGA A ESTE DOMICILIO AGREDIENDO VERBALMENTE A LA FAMILIA *SE TRATA DE UN EXPAREJA SENTIMENTAL DE UNA DE LAS MORADORAS DEL  LUGAR *ESTA ABORDO DE UN AUTO COMPACTO FIGO COLOR TINTO ",0
"REFIERE MASC DE 24 AnOS EBRIO Y DROGADO GOLPEANDO Y AMENAZANDO CON ARMA BLANCA A SU MADRE AUTORIZA LA ENTRADA A ELEMENTOS DE SEGURIDAD ",1
" MENCIONAN QUE UN SUJETO BAJO ALGUN EFECTO SE ENCUENTRA AGRESIVO CON LA INFORMANTE *CONYUGE* EN MOMENTOS LA GOLPEA *NO REQUIERE AMBULANCIA * TRATA DE LLEVARSE A LOS MENORES  NO LO PUEDEN CONTROLAR NO PROPORCIONAN MAS DATOS AL RESPECTO    ",1
"1097379 REPORTAN DE SUJETO EBRIO TRATO DE GOLPEAR A SU PADRE Y HERMANA Y ESTA ARROJANDO BOTELLAS ESTE VISTE: ROPAS COLOR CAPUCHINO DE NOMBRE ERNESTO CORTES CAMACHO SEGUN VERSION Y DATOS QUE LA PARTE INFORMANTE MANIFESTO.  ",0
"SUJETO DE 23 AnOS DE EDAD AJENO AL LUGAR ALCOHOLIZADO AGREDIENDO FISICA Y VERBALMENTE A SU PROGENITORA Y CONYUGE *BASTANTE VIOLENTO Y LO SEnALAN AL LLEGAR LA UNIDAD ",1
"INDICA QUE EL AGRESOR ES UN MASCULINO DE ENTER 30 A 35 AnOS DE EDAD COMPLEXIÓN ROBUSTA TEZ CLARA SE ENCUENTRA EN LA COCHERA DEL DOMICILIO SEnALADO GOLPEANDO A UNA FEMENINA. APARENTEMENTE SE ENCUENTRA EN ESTADO DE EBRIEDAD.  NO PROPORCIONA MÁS INFORMACIÓN.  ",1
"1097380 CUnADO DE LA INFORMANTE EBRIO AGREDE FÍSICAMENTE A LA FAMILIA... AL PARECER NO PORTA ARMA... SON TODOS LOS DATOS MANIFESTADOS... ",0
"INFORMA REPORTANTE QUE SU EXPAREJA LA ESTA AGREDOENDO VERBALMENTE Y NO SE QUIERE RETIRAR EL MISMO TIENE ORDEN DE RESTRICCION PIDE EL APOYO DE UNA UNIDAD DE POLICIA PARA QUE LO RETIREN ",1
"INDICA QUE EL AGRESOR ES UN MASCULINO DE 24 AnOS COMPLEXIÓN DELGADA TEZ CLARA VISTE: PANTALÓN AZUL DE MEZCLILLA Y SIN CAMISA. SE ENCUENTRA EN LA AZOTEA DEL DOMICILIO EN ESTADO DE EBRIEDAD PORTA UN CUCHILLO Y LO LANZÓ AL PADRE DE LA INFORMANTE NO LOGRÓ HERIRLO.  EL AGRESOR ES HERMANO DE LA USUARIA.  NO PROPORCIONA MÁS INFORMACIÓN. ",0
"HOTEL ARANZAZU ENTRADA POR EL MOTOLOVI O ESTACIONAMIENTO *REPORTA A SUJETO ALCOHOLIZADO AGREDIENDO FISICAMENTE A SU PAREJA   DENTRO DEL HOTEL *DE A 45 A 50 AnOS DE EDAD ESTATURA MEDIA Y LO SEnALAN AL LLEGAR LA  UNIDAD ",1
"MANIFIESTA DE  MASCULINO 23 AnOS EL CUAL ESTA GOLPEANDO A PERSONASDE LA TERCERA EDAD Y FAMILIARES . CAMISA GRIS DE TIRANTES  PANTALON AZUL  TENIS  BLANCOS. ",0
"A LAS 06:40  HRS. LLAMA EL USUARIO INDICANDO QUE NO ARRIBA PERSONAL  AL LUGAR.  MANIFIESTA DE MASCULINO  29 AnOS GOLPEO AL USUARIO  POR LO QUESOLICITA ACUDA PERSONAL .  VISTE : CAMISA  CLARA A CUADROS  PANTALON CLARO  ",0
"DESDE EL INTERIOR DE LA FINCA SUJETO ALCOHOLIZADO ESTA GOLPEANDO A SU ESPOSA  ELLA GRITA PIDIENDO AYUDA  SE DESCONOCE SI ESTE ARMADO  ",1
"1097445 SUJETO EBRIO AGREDE FÍSICAMENTE A SU FAMILIA... DESCONOCE SI PORTE ARMA... SON TODOS LOS DATOS MANIFESTADOS... ",0
"DE LA NUMERACIÓN NO ESTA SEGURO SI ES 49 Ó 50   ESCUCHAN LOS GRITOS DE UNA FEMENINA PARECE QUE LA ESTAN GOLPEANDO DENTRO DE UNA FINCA. SON TODOS LOS DATOS PROPORCIONADOS.  ",1
"1097460 HERMANO DE LA REPORTANTE EBRIO AGREDE FÍSICAMENTE A LA FAMILIA... AL PARECER NO PORTA ARMA... SON TODOS LOS DATOS MANIFESTADOS... ",0
"REPORTA A SIES O MAS MIEMBROS DE UNA FAMILIA ALCOHOLIZADOS AGAREDIENDOSE FISICAMENTE CON BASTANTE VIOLENCIA *PORTAN VARIOS OBJETOS ENTRE ELLOS CUCHILLOS *AL LLEGAR LA UNIDAD LOS SEnALAN ",0
"REFIERE EL INFORMANTE QUE SU HERMANO DE 30 AnOS DE EDAD EL CUAL SE ENCUENTRA BAJO LOS EFECTOS DEL ALCOHOL Y ALGUNA OTRA SUSTANCIA YA QUE EL PRESUNTO ESTA BASTANTE AGRESIVO Y ESTA REALIZANDO DESTROSOS EN EL INTERIOR DE LA FINCA. ",0
"1097530 SUJETO EBRIO Y DROGADO CAUSA DAnOS A VEHÍCULOS DE LA ZONA ARROJANDO OBJETOS CONTUNDENTES A CRISTALES... AGREDE FÍSICAMENTE A SU PROGENITORA... DESCONOCE SI PORTE ARMA... VISTE: PANTALÓN AZUL VESTIR SIN CAMISA... SON TODOS LOS DATOS MANIFESTADOS... ",1
"SU HIJO ESTA EBRIO AGRESIVO AFUERA DEL DOMICILIO YA CAUSO DESTROZOS EN LA CASA VISTE CON: CHAMARRA NEGRA CON FRANJAS BLANCA PANTALÓN DE MEZCLILLA AZUL NO HAY LESIONADOS...  MENCIONA QUE YA LO HABIA REPORTADO Y NO LLEGA LA UNIDAD... ",0
"MANIFIESTA DE MASCULINO  36 AnOS  EL CUAL ESTA GOLPEANDO A SU CONYUGE. VISTE :  CHALECO NEGRO PANTALON AZUL  CAMISA ROJA  ",1
"ID 1097554  EN EL INTERIOR DE LA FINCA SUJETO  ALCOHOLIZADO ESTA AGREDIENDO A  FAMILIARES  INFORMANTE NO PROPORCIONO MAS  INFORMACION  ",0
"MASCULINO  AGRESIVO CON LA PAREJA EN EL INTERIOR DE LA FINCA  INFORMO QUE PORTABA ARMA PERO NO ESPECIFICO QUE TIPO.  SE CORTO LA LLAMADA...  ",1
"REORTA A SU SOBRINO ALCOHOLIZADO GOLPEANDO A SU CONYUGE Y DEMAS FAMILIARES *YA REPORTADO CON EL NUMERO 1753 Y DICE NO HA LLEGADO LA UNIDAD *SIGUE BASTANTE VIOLENTO ",1
"MANIFIESTA DE  MASCULIN  29 AnOS EL CUAL  ESTA GOLPEANDO A SU CONYUGE .  VISTE : PANTALON NEGRO CAMISA DE TIRANTES  BLANCA COMENTA QUE YA HABIA SOLICITADO EL SERV.  ",1
"MENCIONA QUE SU CUnADO LE QUEBRO LOS VIDRIOS A SU VEHICULO ESTA BAJO EFECTOS DEL ALCOHOL ESPERAN ARRIBO DE LA UNIDAD  ",0
"REFIERE LA INFORMANTE QUE UN FAMILIAR DE 34 AnOS DE EDAD EL CUAL SE ENCUENTRA BAJO LOS EFECTOS DEL ALCOHOL Y DE LAS DROGAS MISMO QUE ESTA BASTANTE AGRESIVO CON LOS INTEGRANTES DE LA FAMILIA ",0
"MENCIONA QUE EN EL DOMICILIO SE ESTA PELEANDO DENTRO DEL DOMICILIO Y UNO DE ELLOS PORTA ARMA DE FUEGO NO DA MAS INFORMACION REPORTANTE  ",0
"INFORMAN DE MASCULINO EL CUAL ACABA DE GOLPEAR A LA REPORTANTE ES SU ESPOSO NO PORTA ARMAS PIDE LA PRESENCIA DE LAS AUTORIDADES AHÍ LO SEnALARÁ... ",1
"INFORMA DE MASCULINO DE 35 AnOS ESTA MUY ALTERADO AMENAZA DE MUERTE CON ARMA DE FUEGO A SU PAREJA. VISTE: CAMISA BLANCA PANTALON NEGRO CHALECO NEGRO. **CRUCE EN MAPA CALLE LAS HUERTAS Y VALLARTA**  ",1
"1097949  CARBYNE NO MOSTRÓ UBICACIÓN. ******* AFUERA DE ESTE HOGAR SE ENCUENTRA AL LADO DE LA CAMIONETA VOYAGUER BLANCA UN HOMBRE EBRIO DE 35 AnOS ROMPIÓ LOS VIDRIOS DE ESTA MISMA CAMIONETA Y PRETENDE METERSE AL SITIO A GOLPEAR A SU PAREJA.   ",1
"INFORMAN DE FEMENINA AGRESIVA ACABA DE GOLPEAR CON UN PALO AL USUARIO NO REQUIERE DE SERVICIOS MÉDICOS PERO SI DE LAS AUTORIDADES YA HAY REPORTE PREVIO CONTINÚA EN ESPERA DE LA UNIDAD... ",1
"UN MASCULNO 20 AnOS DROGADO CON MARIHUANA ESTA EN ACTITUD AGRESIVA CON SU PROGENITORA Y ABUELA TRATA DE GOLPEARLAS ESTA DENTRO DEL DOMICILIO  ",1
"MENCIONA QUE EN EL DOMICILIO SE ESTAN PELEANDO A GOLPES VARIAS PERSONAS SON FAMILIA REPORTA VECINA QUE ESCUCHA LOS GRITOS. ",0
"SUJETO EBRIO AGREDIENDO FISICA Y VERBALMENTE A SUS FAMILIARES ADEMÁS DE OCASIONAR DAnOS A LA FINCA.  LOS AFECTADOS VAN A PROCEDER COMO PARTE ACUSADORA.  ",0
"1098277 SE COMUNICA USUARIO PARA REPORTAR A DOS PERSONAS AGRESIVAS NO PROPORCIONA INFORMACION ESPERA EL APOYO. ",0
"C: 1098319 (NO ARROJA COORDENADAS) INFORMAN DE UNA PAREJA LA CUAL ESTA DISCUTIENDO EN LAS CALLES MENCIONADAS AHÍ LOS SEnALARÁN NO PORTAN ARMAS SON TODOS LOS DATOS PROPORCIONADOS... ",0
"REFIERE EL REPORTANTE QUE EN LA PARADA DE CAMIONES DE LA TIENDA WALMART SE ENCUENTRA UN MASCULINO AGREDIENDO FISICA Y VERBALMENTE A SU PAREJA EL MISMO AL PARECER SE ENCUENTRA EN ESTADO DE EBRIEDAD.  ",1
" MENCIONAN QUE UN SUJETO EBRIO SE ENCUENTRA AGRESIVO CON SUS FAMILIARES TRATA DE GOLPEARLOS  ESTA CAUSANDO DAnOS AL LUGAR  NO DESEA RETIRARSE NO PROPORCIONAN MAS DATOS AL RESPECTO  ",0
"1096693 HIJO DE LA INFORMANTE EBRIO Y DROGADO AGREDE A LA FAMILIA Y CAUSA DESTROZOS A LA FINCA... AL PARECER NO PORTA ARMA... SON TODOS LOS DATOS MANIFESTADOS... ",0
"1098453   ID C LITE. ***** EN EL INTERIOR DE ESTE HOGAR SE ENCUENTRA UN HOMBRE AGRESIVO SE METIÓ A LA FUERZA ESTA EBRIO Y QUIERE GOLPEAR A SU MAMÁ Y A OTROS FAMILIARES. NO VIVE AHÍ.  ",1
"UN MASCULINO 40 AnOS DROGADO  AGREDIO A GOLPES SU PROGENITORA Y ESTA GOLPEANDO A SU ESPOSA EL VISTE CAMIS PANTALÓN DE MEZLCILLA Y CAMISA BLANCA ESTAN DENTRO DEL DOMICILIO.  ",1
"SUJETO CON ARMA DE FUEGO AMENAZANDO A LA HIJA DE LA INFORMANTE DEBIDO A PROBLEMAS FAMILIARES.  HASTA EL MOMENTO NO SE HAN REALIZADO DETONACIONES  SOLO QUE EL AGRESOR QUIEN ES HERMANO D ELA USUARIA CUENTA CON ANTECEDENTES PENALES.  ",1
"REFEIRE QUE SU HIJO AL PARECER ESTA DROGADO EL MISMO OCACIONANDO DESTROSOS EN EL DOMICILIO  ",0
"MASCULINO 78 AnOS ESTA GOLPEANDO A SU ESPOSA DENTRO DEL DOMICILIO  EL VISTE PLAYERA VERDE Y PANTALÓN BEIGE.  ",1
"INDICA DE SU PRIMO: MASCULINO DE 28 AnOS EN ESTADO DE EBRIEDAD AGREDIENDO VERBALMENTE Y AMENAZADO CON ARAMA BLANCA: CUCHILLO EN EL INTERIOR DEL DOMICILIO SEnALADO.  ",0
"MASCULINO EBRIO AGRESIVO EN EL INTERIOR DE LA FINCA ES LA PAREJA  NO PORTA ARMAS.  ",0
"17:46 HRS USUARIA SE COMUNICA PARA INFORMAR QUE LOS POLICIAS NO TACARON EN EL DOMICILIO NI SIQUIERA SUBIERON. USUARIA TEME POR LA VIDA DE LA AFECTADA SE ESCUCHO UN GOLPE Y DESPUES NADA.   C:1099234 CARBYNE NO PROPORCIONA UBICACION  INFORMA QUE ESCUCHA A UNA FEMENINA QUE GRITA Y PIDE AYUDA. REFIERE QUE APARENTE LA GOLPEA SU PAREJA. DESCONOCE MAS DATOS.  ",1
"  2 MASCULIO  AGREDIENDO A PROGENITOR  Y AMENAZANDO CON PRENDERLE FUEGO A LA CASA ARA OBLIGAR AL AFECTADO  A SALIR DE LA CASA  HAY 2 MENORES CON EL  ",0
"MASCULINO AGRESIVO EN EL INTERIOR DE LA FINCA  NO PORTA ARMAS ES EL PAPÁ. ",0
"PROGENITOR DE 54 AnOS DROGADICTO Y HERMANO DE 32 AnOS  ESTA GOLPEANDO A SU HIJO DE 30 AnOS SE DESCONOCE LA CAUSA ESTAN DENTRO DEL DOMICILIO.  INFORMANTE PROGENITORA NO ESTA EN EL LUGAR NO VIVEN CON ELLOS.  ",0
"MODIFICADO A LAS 17:43 HRS MENCIONA QUE REGRESO AL DOMICILIO INTENTANDO INGRESAR AL DOMICILIO. INDICA DE SU PADRE: MASCULINO DE 50 AnOS EN ESTADO DE EBRIEDAD AGREDIENDO VERBALMENTE HACIENDO DESTROZOS EN EL INTERIOR DEL DOMICILIO SEnALADO. ABORDO SU VEHICULO: GRAN MAQUIS COLOR: DORADO ADANDO VUELTAS POR LA ZONA. ",0
"1099375  ID C LITE. **** POR TATEPOSCO. ***** EN EL INTERIOR DE ESTE HOGAR SE ENCUENTRA HOMBRE DROGADO Y AGRESIVO CON SU MAMÁ DE 60 AnOS INTENTA GOLPEARLA. FAMILIARES ESPERAN APOYO.  ",1
"MARCA UN MASCULINO Y MANIFIESTA TEXTUALMENTE* QUE VENGO POR MI HIJA Y LA MAMÁ SE ME ESTA PONIENDO ACA* SE CORTA COMUNICACION AL MOMENTO.  ",0
"MENCIONA QUE TRES MASCULINOS SE ESTAN AGREDIENDO VERBAL Y FISICAMENTE EN LA VIA PUBLICA SON FAMILIARES. SACARON UN ARMA BLANCA Y DOS DE ELLOS ESTAN ALCOHOLIZADOS ",0
"MASCULINO EBRIO AGRESIVO EN EL INTERIOR DE LA FINCA ES FAMILIAR  NO PORTA ARMAS.  LA AFECTADA AUTORIZA EL INGRESO DE LOS ELEMENTOS.  ",0
"UN MASCULINO DE 40 AnOS DROGADO ESTA GOLPEANDO A SU ESPOSA DENTRO DEL DOMICILIO TIENE DESDE LA MAnANA ESTA SITUACIÓN YA HABIAN HECHO EL REPORTE Y NO HA LLEGADO LA UNIDAD . ",1
"1099681  CARBYNE NO MOSTRÓ UBICACIÓN. **** EN EL INTERIOR DE ESTE HOGAR UN HOMBRE ESTA GOLPEANDO A SU PAREJA Y 4 PERSONAS MÁS. EL MARIDO TRAE ARMA DE FUEGO.  SE ENCUENTRAN 3 MENORES EN EL SITIO.  INFORMA FAMILIAR DE LA AFECTADA ESPERA UNIDAD EN EL SITIO.  ",1
"SUJETO EBRIO AGREDIENDO FISICA Y VERBALMENTE A SUS FAMILIARES Y CONYUGE  ADEMÁS DE OCASIONAR DAnOS A LA FINCA.  LOS AFECTADOS VAN A PROCEDER COMO PARTE ACUSADORA.  ",1
"CARBYNE NO MUESTRA UBICACIÓN. LA HERMANA DEL USUARIO INGRESO A LA FINCA PARA AGREDIR A SU CONYUGE QUIEN ES PERSONA DE LA TERCERA EDAD LO ANTERIOR DEBIDO A PROBLEMAS FAMILIARES. EL DOMICILIO SE UBICA A UN COSTADO DE LABORATORIOS PISA.  ",1
"DENTRO DE LA FINCA UN MASCULINO DE 58 A 60 AnOS  QUE PADECE ALGUN TRASTORNO MENTAL AGREDE A FAMILIARES  Y PORTA ARMA BLANCA  ",0
"MENCIONA QUE DENTRO DE UNA VIVIENDA CON CANCEL BLANCO EN EL SEGUNDO PISO SE ESCUCHAN GOLPES AGRESIONES Y ESTAN AVENTANDO COSAS. SE ESCUCHA QUE UNA FEMENINA PIDE AYUDA ",1
"REPORTA VECINO. INTERIOR DEL DOMICILIO. ESTAN GOLPEANDO A UN MENOR DE APROX. 8 AnOS. SE HACE MENCION QUE ESTAN INGIRIENDO DROGAS Y TIENEN MUSICA A MUY ALTO VOLUMEN.  ",0
"SUJETO EBRIO QUE VIAJA ABORDO DE  UN VEHICULO POINTER BLANCO SE ENCUENTRA EN LA PUERTA DE INGRESO AGREDIENDO A SU EX PAREJA  ",1
"REFIERE LA USUARIA QUE SUS HIJOS SE ESTAN PELEANDO ENTRE ELLOS . ",0
"*** YA SE HABIA REPORTADO EL APOYO DE POLICIA NO SE A PRESENTADO.  FEM. 38 AnOS MADRE DE LA REPORTANTE SE ENCUENTRA BAJO EFECTOS DE DROGA Y ACTITUD AGRESIVA SE REUSA ENTREGARLE A LA INFORMANTE SU HIJO DE UN AnO. LA AGRESIVA VISTE: BLUSA DE COLORES PANTALON MEZCLILLA Y CALZADO NEGRO.  ",0
"HABLA UN MASCULINO EL CUAL REFIERE QUE TIENE UN PROBLEMA FAMILIAR PERO SE NIEGA A DAR MAS DATOS Y CUELGA LA LLAMADA. ",0
"FRENTE DEL 3410 INDICAN QUE UNA FAMILIA ESTA DEJANDO EN LA CALLE A UNA FEMENINA CON SU BEBE  ES UN PROBLEMA FAMILIAR  ",0
"REPORTAN A UN SUJETO COMO DE 25 AnOS SIN PLAYERA Y CON PANT. BLANCO GOLPEANDO A UNA FEMENINA QUE AL PARECER ES SU HERMAN QUE TRAE CHAMARRA TINTA CON PELUCHE AFUERA DEL DOMICILIO REFERIDO. ",1
"REFIERE USUARIO QUE AL LLEGAR A SU FINCA ENCONTRÓ A SU SOBRINO DENTRO ACOMPAnADO DE OTROS DOS INGIRIENDO ALCOHOL. SE NIEGAN A SALIR.   ",0
"1100554 SU HIJO 18 AnOS ESTÁ AGRESIVO CON SU FAMILIA NO PIEDEN CONTROLARLO GOLPEÓ A VARIOS DE LA CASA VISTE PANTALÓN DE MEZCLILLA Y CAMISETA ROJA. ",0
"1100677 UN MASCULINO ESTA AGREDIENDO A SU FAMILIA EN EL INTERIOR DE LA FINCA.  ",0
"REPORTA QUE AL PASO ESCUCHA QUE EN EL DOMICILIO MENCIONADO ESTAN GOLPEANDO A UNA FEMENINA Y SE ESCUCHA A NInOS LLORAR SOLICITAN ACUDA UNA PATRULLA.  ",1
"1100720 REFIERE EL USUARIO QUE UN MASCULINO ACABA DE GOLPEAR A SU PROPIA MADRE DENTRO DE LA CASA Y QUE NO SABE SI LA AVENTO DE LA ESCALERAS . ",1
" MENCIONAN QUE UN SUJETO EBRIO/DROGADO SE ENCUENTRA AGRESIVO CON SUS PROGENITORES Y DEMAS FAMILIARES  TRATA DE GOLPEARLOS ESTA CAUSANDO DAnOS AL LUGAR  NO LO PUEDEN CONTROLAR Y NO DESEA RETIRARSE NO PROPORCIONAN MAS DATOS AL RESPECTO  ",0
"UNA FEMENINA ALCOHOLIZA  INTENTA LLEVARSE A SUS  HIJAS LA  FUERZA  EN UN VEHICULO... FAMILIARES  LA INTENTAN RETENER  ",1
"REFIERE DE UN MASCULINO AGRESIVO CON SUS FAMILIA ",0
"COMO  REFERENCIA DE LA TOMA DE AGUA  AL  FONDO  AL  COSTADO DE ESTE DOMICILIO  EN LA CASA DE DOS PISOS  QUE  ESTAN  PINTNADO DE BLANCO  INTEGRANTES DE  UNA  FAMILIA SE ESTAN GOLPEANDO EN EL INTERIOR HAY MENORES DE EDAD  ",0
"MASCULINO ESTA ARROJANDO PIEDRAS A LA CASA VECINA ES LA PAREJA DE LA SEnORA VISTE CON: CAMISA ROJA PANTALÓN DE MEZCLILLA AZUL CLARO..  ",0
"EN EL INTERIOR DE LA   FINCA...  SUJETO ALCOHOLIZADO AGREDE A  FAMILIARES Y NO ESTA ARMADO  ",0
"REFIERE QUE EN LA CASACOLOR BEIGE ARRIBO UN MASCULINO EN UN VEHICULO SEDAN HONDA COLOR GRIS Y EL MASCULINO DEL HONDA ES ESPOSO DE LA MUJER DE LA CASA COLOR BEIGE LOS MISMOS SE ESCUCHAN DISCUTIENDO  ",1
"MASCULINO NO LE QUIERE ENTREGAR A SU HIJA E INSULTANDOLA VERBALMENTE. ",1
"2 MASCULINOS ESTAN EN LOS CURCES PELEADO ENTRE ELLOS INDICAN QUE SON FAMILIARES MENCIONANA QUE 5 PERSONAS ESTAN TRATANDO DE SEPARARLOS SOLICITAN EL ARRIBO DE LA UNIDAD ",0
"A UN COSTADO DEL ARROYO  EX PAREJA DE LA PAREJA DE INFORMANTE LA AGREDE VERBALMENTE SE UBICA AFUERA DE DOMICILIO SEnALADO YA CUENTA CON DEMANDA EN FISCALIA  VISTE SUDADERA AZUL MARINO CON GRIS GORRA AZUL MARNO Y MOCHILA  ",1
"MASCULINO 24 AnOS HERMANO DE LA USUARIA SE ENCUENTRA BAJO LOS EFECTOS DEL ALCOHOL O ALGUNA DROGA AGREDE A SUS FAMILIARES FÍSICA Y VERBALMENTE PIDE APOYO DE UNA UNIDAD PARA REVISAR LA SITUACIÓN PRESENTE.  ",0
"JUNTO AL DOMICILIO SEnALADO EN UNA CASA SIN PINTAR Y CON TRES VEHÍCULOS AFUERA DEL DOMICILIO MASCULINO ESTA GOLPEANDO A SU ESPOSA DE 27 AnOS INFORMANTE ES HERMANO DE LA AFECTADA Y ESTARA AFUERA HACIENDO SEnAS. ",1
"ESTA PERSONA REFIERE QUE SOBRE ESTOS CRUCES DE CALLES SE ENCUENTRA UNA PERSONA AGRESIVA  ",0
"REFIERE QUE SU HERMANO MASCULINO DE 57 AnOS DE EDAD DROGADO LLAMADO ARNOLFO MALDONADO EL CUAL ESTA TROZANDO LOS CANDADOS DE LA FINCA PARA INGRESAR ESTE NO VIVE EN EL LUGAR USUARIO VA EN CAMINO PIDE APOYO DE LA UNIDAD. ",0
"EN LA DIRECCION MENCIONADAS SE ENCUENTRA UN JOVEN AGREDIENDO A SU PROGENITORA Y AMENAZANDO A LOS HERMANOS CON ARMA BLANCA  ",1
"FEMENINA 25 HERMANA DE LA USUARIA SE ENCUENTRA BAJO LOS EFECTOS DEL ALCOHOL O ALGUNA DROGA INTENTA LLEVARSE A DOS MENORES DE EDAD LLEVA VARIOS MESES LOS CUALES NO ACUDIA AL DOMICILIO PIDE APOYO DE UNA UNIDAD PARA REVISAR LA SITUACIÓN PRESENTE.  ",0
"DOS HERMANOS DE 50 AnOS SE AGREDEN ENTRE ELLOS INTENTAN SACARSE A LA CALLE. ",0
"MASCULINO DE 14 AnOS ESTA AGRESIVO AMENAZA A SU FAMILIA CON ARMA BLANCA. ",0
"REPORTA A MASCULINO DE 48 AnOS DE EDAD Y BAJO EFECTOS TOXICOS *QUIEN ESTA AGREDIENDO A SU FAMILIA ASI TAMBIEN HACIENDO DESTROZOS A LA VIVIENDA *AL LLEGAR LA UNIDAD LO SEnALAN ",0
"RInA ENTRE DOS MASCULINOS SON HERMANOS DENTRO DE LA CASA NO HAY LESIONADOS  COMO REFERENCIA ESTA AFUERA ESTA UN CARRO DE TACOS LA CASA ES CON FACHADA BLANCA CON CANCEL BLANCO ES BAJO...  ",0
"EN EL DOMICILIO VAN A SEnALAR A LA EXPAREJA DEL INFORMANTE ( DE NOMBRE MARINA DOMINGUEZ)  Y A LA ACTUAL PAREJA DE ELLA (AL PARECER PERTENECE A UN GRUPO DELICTIVO ) QUE ARRIBARON A ESTA FINCA Y AMAGARON CON  ARMA DE FUEGO A LA  PROGENITORA DEL INFORMANTE  LOS SEnALADOS ESTAN A FUERA DEL INMUEBLE EN UN VEHICULO PLATINA ROJO  ELLA SUELE PORTAR  ARMA  BLANCA  ",1
"EN EL INTERIOR DE LA  FINCA  SUJETO ALCOHOLIZADO AGREDE A FAMILIARES Y LOS AMAGA CON UN MACHETE  TELEFONO DEL INFORMANTE 3322191384  FRACCIONAMIENTO CAMPO BELLO   ",0
"MASCULINO AGRESIVO CON LOS MIEMBROS DE LA FAMILIA  EN EL INTERIOR DE LA FINCA NO PORTA ARMAS.  EL AFECTADO AUTORIZA EL INGRESO DE LOS ELEMENTOS.  ",0
"SUJETO ALCOHOLIZADO DE APROX. 30 AnOS DE EDAD Y AJENO A ESTE LUGAR *QUIEN ENTRO AL DOMICILIO PARA AGREDIR A SU EX PAREJA Y SE NIEGA A  RETIRARSE *HAY TRES MENORES EN EL LUGAR BASTANTE ASUSTADOS Y EL SUJETO SIGUE  BANTANTE VIOLENTO *AL LLEGAR LA UNIDAD LO SEnALA   ",1
"ESCUCHA QUE LA PAREJA SE ESTA PELEANDO DENTRO DE LA CASA DESCONOCE SI HAY LESIONADOS HAY MENORES DENTRO...  ",1
"1103664 CONYUGE DE LA INFORMANTE LA AGREDE FÍSICAMENTE... AL PARECER NO PORTA ARMA... SON TODOS LOS DATOS MANIFESTADOS... ",1
"SU PAPÁ ESTÁ DROGADO Y ALCOHOLIZADO SE ENCUENTRA AGRESIVO CONS USS FAMILIARES PORTA UN CUCHILLO Y AMEDRENTÓ A SU FAMILIA. ",0
"COMO REFERENCIA A 2 CASAS DEL LOCAL DE LOS CHILAQUILES UN MASCULINO DE 35 AnOS APROX.  INDICAN QUE ESCUCHAN A EL MASCULINO AGRESIVO CON SU PAREJA SE ESCUCHA QUE GOLPEA UNA PUERTO O UN VEHICULO IDNICAN QUE UNOS MENORES ESTAN ASUSTADOS DICIENDOLE QUE SE VAYA SOLICITAN EL ARRIBO DE LA UNIDAD ",1
" MENCIONAN QUE UN SUJETO SE ENCUENTRA AGRESIVO CON SU CONYUGE EN MOMENTOS LA GOLPEA  NO LO PUEDEN CONTROLAR NO PROPORCIONAN MAS DATOS AL RESPECTO  ",1
"1104687  CARBYNE NO MOSTRÓ UBICACIÓN. ****** EN EL INTERIOR DE ESTE HOGAR SE ESTAN PELEANDO DOS HERMANOS UNO DE 19 Y OTRO DE 23 AnOS. MADRE DE LOS JOVENES ESPERA UNIDAD.  ",0
"INDICA QUE EN EL DOMICILIO SEnALADO ESCUCHA UNA DISCUSIÓN ENTRE UNA PAREJA MASCULINO Y FEMENINA MENCIONA QUE EN EL LUGAR HAY MENORES DE EDAD QUE ESTÁN LLORANDO.  NO PROPORCIONA MÁS INFORMACIÓN.  ",0
"PIDE APOYO PARA LA DETENCON DE SU HERMANO DE 22 AnOS ESTA VIOLENTO CON SUS FAMILIARES.  SE PERMITE INGRESO AL LUGAR .  ",0
"BALNEARIO CAnÓN DE LA FLORES MASCULINO 30 AnOS ESTA GOLPEANDO A SU ESPOSA VISTE CAMISA GRIS AL PARECER SE ESTA RETIRANDO EN UN VEHÍCULO ROJO. INFORMANTE ESTA OBSERVANDO LOS HECHOS NO PROPORCIONA MAS DATOS.  ",1
"INDICA DE UNA FEMENINA DE 63 AnOS FUE ABANDONADA ABORDO DE UN TAXI TSURU AMARILLO CON AZUL MENCIONA NO TENER A DONDE IR. REFIERE DE UN MASCULINO APROX. DE 27 AnOS SOLO LA SUBIO AL TAXI DEJANDO SUS PERTENENCIAS: COMO MALETAS SE DIRIGIO CON RUMBO DESCONOCIDO. ESPERA UNIDAD PARA ENTREVISTARSE CON ELEMENTOS. ",0
"LA INFORMANTE REFIERE QUE SU CONYUGE SE ENCUENTRA AGRESIVO NO SE RETIRA DEL LUGAR NO PROPORCIONAN MAS DATOS AL RESPECTO YA QUE CORTARON LA COMUNICACION  ",0
"UN SUJETO AGREDE A ESPOSA  Y DEMAS FAMILIARES Y LOS AMAGA CON UN  ARMA BLANCA  ",1
"POR EL BOTON DE PANICO DE LOS CRUCES CERCA DE LA SECUNDARIA 2 MASCULINOS DE 25 nOS PORTAN PALOS PIEDRAS Y BOTELLAS DE VIDRIO VISTEN: 1. GORRA BLANCA ROPA NEGRA 2. SIN CAMSIA PANTALON ESTAN EN LOS CRUCES PELEANDO ENTRE ELLOS INDICAN QUE SON FAMILIARES Y LOS DEMAS MIEMBROS ESTAN TRATANDO DE SEPARARLOS HAY MENORES DE EDAD SOLICITAN EL ARRIBO DE LA UNIDAD ",0
"FOLIO CARBYNE: 1106862 REFIERE EL INORMANTE TIENE UNA DISCUSION CON SU ESPOSA DE 33 AnOS NO LE QUITO LAS LLAVES DEL VEHICULO. PIDE APOYO DE UNIDAD DE POLICIA.  ",1
"SUJETO PELON CHAPARRO MORENO CON BARBA CERRADA  QUE VIAJA  A BORDO DE UN TSURU DE COLOR AMARILLO TAXI  SIGUIO A SU EX ESPOSA QUEDANDOSE ESTACIONADO FUERA DE LA LICORERIAS EL SUJETO PORTA ARMA DE  FUEGO  ",1
"1107183 MASCULINO 34 AnOS DE EDAD DROGADO TRAE UN ARMA BLANCA AGRESIVO CON SU PROGENITORA YA LA HABÍA AMENAZADO INDICANDO QUE LA IBA A MATAR. SE LOCALIZAN EN EL INTERIOR DE LA FINCA.  ",1
"1107229 EN EL INTERIOR DE CASA DE FACHADA BEIGE DE DOS PISOS  ESTA UNA UNA PAREJA DISCUTIENDO LLAMA VECINO NO TIENE MAS DATOS. ",0
"REFIERE PERSONAS PELEANDO EN SU DOMICILIO AL PARECER UN POBLEMA FAMILIAR. ",0
"CLOSTER 33  EN EL INTERIOR DE LA FINCA UNA FEMENINA AGREDE A SU PAREJA Y LO TIENE ENCERRADO .. Y NO LE PERMITE SALIR NO ES LA PRIMERA VEZ QUE SUCEDE  ",0
"REFIERE EL REPORTANTE SU PROGENITOR SE ENCUENTRA AGRESIVO CON LA FAMILIA . ",0
"MASCULINO DE 22 AnOS ESTA AGRESIVO CON LA FAMILIA LES LANZA OBJETOS. ",0
"CERA CON SENTIDO HACIA ZAPOTLANEJO LOCAL TALLER AUTOELECTRICO LÓPEZ PORTON COLOR ROJO REFIERE QUE SU PROGENITOR MASCULINO DE ENTRE 60 AnOS DE EDAD ROBO 04 LLANTAS DE CAMIONETA NUEVAS LAS CUALES METIO AL TALLER DEL USUARIO PIDE APOYO DE LA UNIDAD REFIERE QUE ESTA AVISANDO AL DUEnO DE LAS LLANTAS PARA QUE TAMBIEN LLEGUE AL LUGAR.  ",0
"MASCULINO AGRESIVO CON SUS FAMILIARES  DESCONOCE SI PORTE ARMAS  NO ALCANZA A VER VESTIMENTAS  ",0
"MASCULINO 40 45 AnOS APROXIMADAMENTE TIO DEL USUARIO SE ENCUENTRA BAJO LOS EFECTOS DEL ALCOHOL O ALGUNA DROGA AGREDE A TODAS LAS PERSONAS QUE ESTÁN DENTRO DEL DOMICILIO PIDE APOYO DE UNA UNIDAD PARA REVISAR LA SITUACIÓN PRESENTE.  ",0
"EN EL INTERIOR DE LA FINCA SE ENCUENTRA UN SUJETO DROGADO CAUSANDO DESTROZOS Y AGRESIVO CON LOS FAMILIARES. NO PROPORCIONA EL N° DE TELEFONO DEL QUE LLAMA INDICA QUE SU CHIP ESTA BLOQUEADO. ",0
"ETAPA 3 MASCULINO AGRESIVO CON SUS FAMILIARES AL PARECER NO PORTA ARMAS VISTE PANTALON CAMUFLAJEADO COLOR VERDE Y SUDADERA AZUL MARINO CON ROJO  ",0
"EN LAS CALLES MENCIONADAS CHOCARON DOS VEHICULOS PARTICULARES ESTAN OBSTRUYENDO LA VIALIDAD Y DAnOS A LOS VEHICULOS  ",0
"MASCULINO 23 AnOS HIJO DEL USUARIO SE ENCUNTRA BAJO LOS EFECTOS DEL ALCOHOL O ALGUNA DROGA AGREDE A TODOS SUS FAMILIARES DE MANERA CONSTANTE PIDE APOYO DE UNA UNIDAD PARA REVISAR LA SITUACIÓN PRESENTE.  ",0
"FRENTE A PANTEON DE TATEPOSCO  PAREJA DE INFORMANTE LA AGREDIO VERBALMENTE SE LLEVO A SU HIJO DE UN AnO DOS MESES AMENAZANDO QUE SE LO VA A LLEVAR FUERA DE GUADALAJARA QUE NO LO VA A VOLVER A VER CIRCULA A BORDO DE VEHICULO CHEVY COLOR BLANCO PLACAS IGNORAN ESPERA APOYO DE POLICIA EN DOMICILIO SEnALADO    ",0
"REFIERE QUE MASCULINO SE ENCUENTRA MUY VIOLENTO CON SU PAREJA MISMO PORTA ARMA DE FUEGO LA AGREDE VERBALMENTE SE ENCUENTRAN DENTRO DEL DOMICILIO.  ",1
"HERMANO DEL INFORMANTE DE 25 AnOS SE ENCUENTRA DROGADO INTENTA GOLPEAR SU FAMILIA SE ENCUENTRA EN VEHÍCULO FORD K DE COLOR GRIS.  ",0
"EN VANCOUVER WINGS  MASCULINO EBRIO Y AGRESIVO CON UNA FEMENINA  AL PARECER NO PORTA ARMAS LO TIENEN RETENIDO SOLICITAN LA PRESENCIA DE LA UNIDAD PARA QUE SE HAGA CARGO  ",1
"MENCIONA QUE YA LO HABIA REPORTADO A LAS 20:00 HRS Y NO LLEGA EL APOYO...  LA PAREJA DE SU SOBRINA LA GOLPEO A LA AFECTADA Y A FAMILIARES  NO HAY LESIONADOS AL PARECER EL AGRESIVO ESTA DENTRO DE LA VIVIENDA...  ",1
"MASCULINO ESTA AGRESIVO CON LA ESPOSA DENTRO DE LA VIVIENDA LA AFECTADA YA LOGRO SALIRSE NO HAY LESIONADOS  LLAMA UNA TERCERA PERSONA A QUIEN LE PIDIERON AYUDA... ",1
" MENCIONAN QUE EN EL INTERIOR DE DICHA VIVIENDA SE ENCUENTRA UN SUJETO GOLPEANDO A SU CONYUGE  NO LO PUEDEN CONTROLAR  NO PROPORICONAN MAS DATOS AL RESPECTO  ",1
"MASCULINO  QUE PORTA ARMA BLANCA  AGREDE A LOS MIEMBROS DE LA FAMILIA DENTRO DEL DOMICILIO.  ",0
"Marca: GENERAL MOTORS DE MÉXICO S.DE SubMarca: CHEVY Modelo: 2000 Color: ARENA METALICO Propietario: TALIA ANA LUISA SANCHEZ CORDOBA Placa: HYZ1111 Edo: Jalisco Tipo: Particular Características : NINGUNA Robado en : RAMON CORONA 1 COL. ATEQUIZA CLEMENTE OROZCO MPIO. IXTLAHUACAN DE LOS MEMBRILLOS REFIERE APROX A LAS 18:00 SU ESPOSO DE APROX 30 AnOS VISTE CHAMARRA TIPO CAMUFLAJE LA GOLPE Y LE QUITO EL VEHICULO HACE UNOS MINUTOS REGRESO LA VOLVIO A GOLPEAR E INTENTO QUITARLE A SUS HIJOS  ",1
"REPORTA A SU NUERA DE 38 AnOS DE EDAD QUE LLEGA AGREDIENDO FISICAMENTE A SU PAREJA SENTIMENTAL DE 19 AnOS DE EDAD *ASI TAMBIEN A SUS DEMAS FAMILIARES *AJENA AL LUGAR Y SE ESCUCHA BASTANTE VIOLENTA *AL LLEGAR LA UNIDAD LA SEnALAN ",0
"SU ESPOSO ESTA AGRESIVO DENTRO Y FUERA DE LA CASA  LA INFORMANTE COLGO YA QUE EL SUJETO SE METIO AL DOMICILIO... EN EL GOOGLE MAP LAS CALLES QUE CRUZAN INDICA QUE SON JAVIER MINA Y FELIPE ANGELES... EL CARBYNE NO APARECE UBICACION... ",0
"1107704 EN EL INTERIOR DE LA FINCA UN MASCULINO DROGADO ESTA AGRESIVO CON SUS PROGENITORES. ",0
"MASCULINO 20 25 AnOS VECINO DE LA USUARIA AL PARECER SE ENCUENTRA BAJO LOS EFECTOS DEL ALCOHOL O ALGUNA DROGA AGREDE A SU MADRE DE 65 70 AnOS INTENTA SACAR VARIOS MUEBLES DE LA VIVIENDA PIDE APOYO DE UNA UNIDAD PARA REVISAR LA SITUACIÓN PRESENTE.  ",1
"VECINOS DEL USUARIO SE ENCUENTRÁN AGREDIENDOSE FÍSICA Y VERBALMENTE LA CAUSA LA DESCONOCE ES DE MANERA CONSTANTE ESTE TIPO DE SITUACIÓN PIDE APOYO DE UNA UNIDAD PARA REVISARLA. ",0
"ETAPA 10 *REPORTA A SUJETO DE 28 AnOS DE EDAD BAJO EFECTOS TOXICOS  AGREDIENDO A SU CONYUGE FISICA Y VERBALMENTE *HAY DOS MENORES EN EL LUGAR DE 3 Y 5 AnOS DE EDAD PRESENCIANDO LA  AGRESION *AL LLEGAR LA UNIDAD LO SEnALAN ",1
"MASCULINO DROGADO AGREDE A SUS FAMILIARES DENTRO DE CASA.  ",0
"UN MASCULINO ESTAN PATEANDO A UNA MUJER EN LA VIA PUBLICA DESDE LAS 12:15 HRS. EL SUJETO VISTE CON: PANTALÓN MOSTAZA PLAYERA NEGRA NO HAY LESIONADOS LLAMA UNA TERCERA PERSONA...    ",1
"SU VECINA LE PIDE QUE LLAME.............  SU HIJA  MAYOR  ACABA DE LLEGAR Y ESTA AGRESIVA CON SUS FAMILIARES. LEVANTARAN CARGOS.  ",0
"SU MAMÁ ESTA AGRESIVA DENTRO DE LA CASA NO HAY LESIONADOS...  ",0
"INFORMAN DE MASC DE 31 AnOS DE EDAD HIJO DE LA REPORTANTE EL CUAL SEMUESTRA AGRESIVO EN LA DIRECCIÓN INDICADA NO PORTA ARMAS PIDEN LA PRESENCIA DE LAS AUTORIDADES EN EL LUGAR SON TODOS LOS DATOS PROPORCIONADOS.  ",0
"REPORTA EN EL DOMICILIO SU ABUELA Y DOS DE SUS TIAS EN CONFLICTO FAMILIAR. ",1
"ES EN UNA IGLESIA.  EN EL LUGAR ES UNA PAREJA DE 30 AnOS APROX.  SE ENCUENTRAN AGREDIENDOSE VERBALMENTE.  AL PARECER ESTAN DISCUTIENDO POR SUS HIJOS MENORES DE EDAD.  ",1
"LA INFORMANTE NO DA DIRECCION EXACTA SE SACA DEL CARBYNE  INDICA QUE SU  EX PAREJA TRATABA DE CAUSARLE  DAnOS A SU VEHICULO SE ESCUCHA  AMBOS DISCUTIAN  SE CORTO LLAMADA  ",1
"MENCIONA QUE EN EL LUGAR SE ESTAN PELEANDO 4 PERSONAS PELEANDO SON FAMILIA ESPERAN ARRIBO DE LA UNIDAD  ",0
"INDICA DE RInA FAMILIAR EN EL DOMICILIO SE ESCUCHAN GRITOS Y GOLPES.  MENCIONAN QUE YA HABIAN LLAMADO PERO AUN NO ARRIBA LA PATRULLA.  ESPERA UNIDAD.  ",0
"CARBYNE NO MUESTRA UBICACIÓN.  EN EL INTERIOR DEL DOMICILIO UN SUJETO DROGADO AGREDE VERBAL Y FISICAMENTE A SUS FAMILIARES ADEMÁS DE OCASIONAR DAnOS A LA FINCA. LA USUARIA ES UNA VECINA DEL LUGAR.  ",0
"MASCULINO AGREDE DENTRO DE ESTA CASA QUE RENTA CUARTOS A SUS FAMILIARES.  ",0
"MASCULINO AGREDE A SU MADRE DE LA TERCER EDAD DENTRO DE CASA HAB.  ",1
"ESTA DENTRO DE LA VIVIENDA AMENAZANDO A SUS FAMILIARES CON UN MACHETE.   ES UN MASCULINO DE 37 AnOS APROX.  ESTA BAJO LOS EFECTOS DE LAS DROGAS.  ",0
"C:1112314 SE  RECIBE LLAMADA DE MASCULINO  QUE SE ESCUCHA EN ESTADO DE EBRIEDAD   MENCIONA QUE  SU PAREJA LO ESTA  VIOLENTANDO CUELGA LA LLAMADA SIN DAR MAS DATOS  ",0
"DENTRO DE LA VIVIENDA AMENAZANDO A SUS PADRES CON UN CUCHILLO.  ES UN MASCULINO DE 22 AnOS APROX. ESTA BAJO LOS EFECTOS DE LAS DROGAS NO PERMITE A SUS PADRES SALIR DE LA VIVIENDA.  ",0
"UN MASCULINO DE 51 AnOS DROGADICTO EXPAREJA DE INFORMANTE AMENAZA CON LLEGAR AL DOMICILIO PARA HACERLE DAnO EL SUJETO TIENE ESTATURA BAJA CABELLO ONDULADO DELGADO ABORDA VEHICULO DEPOTIVO AMARILLO CON NEGRO. AFECTADA YA TIENE DENUNCIA EN CONTRA DEL SUJETO LA NÚMERO 94481 DE 2019.  ",1
"1113204 SU CUnADO 30 AnOS ESTÁ AGRESIVO Y ESTÁ AMEDRENTANDO A LA FAMILIA SE ENCUENTRA DENTRO DE LA CASA NO QUIERE SALIRSE Y PORTA UN ARMA DE FUEGO. ",0
"1113599 REFIERE LA USUARIA QUE SU HERMANO ESTA AGRESIVO CON SUS FAMILIARES . ",0
"1113710 MASCULINO AGRESIVO PORTA UN ARMA DE FUEGO AMENAZA A  SUS HERMANOS Y PROGENITORES.  VISTE UN PANTALÓN Y CHAMARRA BLANCA CON GORRA.  HACE UNOS INSTANTES SE RETIRÓ EN UN CHEVY ROJO HACIA DEL SUR  ",0
"1113768 SU HIJO SE ENCUENTRA AGRESIVO A LA VIVIENDA COMENZÓ A AMENAZARLOS SE REQUIERE EL APOYO. ",0
"COTO EL BALUARTE.  LA INFORMANTE ESPERA UNIDAD PARA SEnALAR A SU PAREJA EL CUAL LA AGREDIO FISICAMENTE EL AGRESOR MASC. 29 AnOS. DROGADO. VISTE: SUDADERA NEGRA Y PANTALON DE MEZCLILLA. ABORDA VEHICULO KIA FORTE HATCHBACK COLOR BLANCO.  ",1
"MASCULINO ESTA AGRESIVO CON SUS FAMILIARES SE ENCUENTRA EN EL INTERIOR DEL DOMICILIO. ",0
"MASCULINO ESTA AGREDIENDO A SUS FAMILIARES SE ENCUENTRA EN EL INTERIOR DEL DOMICILIO. ",0
"INDICA QUE EL AGRESOR ES UN MASCULINO DE 32 AnOS DE EDAD COMPLEXIÓN DELGADA TEZ CLARA VISTE: SUDADERA COLOR AZUL Y PANTALÓN DE MEZCLILLA COLOR AZUL.  APARENTEMENTE EN ESTADO DE EBRIEDAD AMEDRENTA CONTRA LA USUARIA QUIEN ES SU PAREJA.  NO PROPORCIONA MÁS INFORMACIÓN.  ",1
"REFIEREN DE PROBLEMAS FAMILIARES LA PAREJA DE LA REPORTANTE LE QUITO LOS PAPELES DE UNA MOTO  ",0
"REFIERE QUE SU NIETO DE 24 AnOS APROX. SE ENCUENTRA MUY VIOLENTO BAJO LOS EFECTOS DE LAS DROGAS MISMO AMENAZA CON PRENDERLE FUEGO A SU VEHICULO ESTO SI NO LE DAN DINERO YA LE CAUSO DAnOS AL MEDIDOR DE ENERGIA ELECTRICA. ",0
"REFIERE QUE SU CONYUGE SE ENCUENTRA AGRESIVO YA QUE NO LE QUIERE DEJAR QUE SE LLEVE A SU MENOR HIJA DE DOS AnOS SE PIDE EL APOYO DE LA POLICIA. ",0
"EL USUARIO CUENTA CON UNA ORDEN DE RESTRICCIÓN HACIA SU HIJO EL CUAL SE LOCALIZA AFUERA AGRESIVO CON ELLA.  ",1
"MASCULION EBRIO Y AGRESIVO CON SU ESPOSA QUE ES LA QUE LLAMA  AL PARECER NO PORTA ARMAS VISTE PANTALON NEGRO Y PLAYERA NEGRA  ",1
"**YA SE HABIA REPORTADO EL APOYO NO SE A PRESENTADO. PIE TIERRA AFUERA DEL DOMICILIO. MASC. 28 AnOS ESPOSO DE LA INFORMANTE BASTANTE AGRESIVO. CAUSANDO DAnOS A LA FINCA Y AMENAZANDO A SU CONYUGE Y OTROS FAMILIARES. PORTA ARMA BLANCA Y AMENAZA CON QUITARSE LA VIDA COLGANDOSE. VISTE: CAMISA AMARILLA Y SHORT BERMUDA.  EN EL DOMICILIO SE ENCUENTRAN DOS MENORES DE 3 Y 7 AnOS.  ",1
"MUJER DE 23 A 24 AnOS ESTÁ MALTRATANDO GOLPEANDO Y AZOTANDO A SUS DOS HIJAS 8 Y 5 AnOS; SE ENCUENTRAN EN EL DOMICILIO SEnALADO.  ",1
"MASCULINO 28 AnOS HERMANO DE LA USUARIA NO ESTA BAJO LOS EFECTOS DEL ALCOHOL O ALGUNA DROGA AGREDE A SUS FAMILIARES VERBALMENTE DESCONOCE EL MOTIVO PIDE APOYO DE UNA UNIDAD PARA REVISAR LA SITUACIÓN PRESENTE.  ",1
"PELEA DONDE PARTICIPAN CUATRO MASC. PADRE E HIJOS SE ENCUENTRAN EBRIOS. EN EL DOMICILIO SE ENCUENTRAN VARIOS MENORES DE EDAD.  ",0
"REFIERE LA REPORTANTE QUE EN EL LUGAR SE ENCUENTRA SU ABUELITO AGREDIENDO A LA FAMILIA YA QUE SE ENCUENTRA EN ESTADO DE EBRIEDAD. ",0
"1113968 REFIERE EL USUARIO QUE HAY UNA RInA ENTRE SUS FAMILIARES . ",0
"HACE UN MOMENTO SU CUnADO LLEGO Y ENCERRO A SU HERMANA SE ESCUCHA QUE LA ESTA GOLPEANDO Y NO LE PERMITEN SALIR. ",0
"LLEGO UN MASCULINO A TRATAR DE LLEVARSE UN MENOR DE 6 AnOS Y ESTA AMENZANDO A LA PROGENITORA CON MATARLA SI NO SE LO ENTREGA. ",1
"UN MASCULINO 22 AnOS DROGADO ESTA GOLPEANDO A SU PRONGENITORA VISTE CAMISA NEGRA Y PANTALÓN BEIGE ESTAN ENCERRADOS SE ESCUCHA QUE ESTA HACIENDO DESTROZOS DENTRO DE LA CASA.  ",1
"PIDE APOYO PARA LA DETENCION DE SU HERMANO ESTA VIOLENTO CON SUS FAMILIARES . SE PERMITE INGRESO AL DOMICILIO.  ",0
"FRACC EL CAMPESTRE  INDICA QUE SU HIJO DE 27 AnOS ESTA AGRESIVO CON ELLA Y SU HIJA HACE UN MOMENTO LAS AMENAZO E IMPACTO SU VEHICULO CONTRA EL ARBOL. POR LO QUE SOLICITA LA PRESENCIA DE LA POLICIA PARA RETIRARLO DEL LUGAR.  ESPERA UNIDAD.  ",1
"ADELANTE DE LA FABRICA DEL TEQUILA EL TESORITO PIDE LA PATRULLA PARA RESOLVER UN CONFLICTO CON SU HERMANO A LA ESPERA POR EL CAMINO NO TRAE VEHICULO Y VISTE DE SUDADERA ROJA/PANTALON DE MEZCLILLA.  ",0
" USUARIA REPORTA QUE HACE 15 MINUTOS LA PAREJA DE SU TIA SE ENCUENTRA ALCOHOLIZADO LA ESTA AGREDIENDO FISICAMENTE Y SE QUIERE LLEVAR DEL DOMICILIO A SU HIJA MENOR DE EDAD.  EL CAUSANTE ES DE TEZ MORENA ALTO VISTE CHAQUETA AZUL PANTALON DE MEZCLILLA AZUL Y ABORDA UN VEHICULO TOYOTA DE COLOR AZUL NOVE PLACAS.",1
"* YA HABIAN SOLICITADO APOYO HACE APROX. 20 MINUTOS.  ES UN MASCULINO DE 30 AnOS APROX. BAJO LOS EFECTOS DE LAS DROGAS.  DE MANERA INTENCIONAL CRISTALEO UN VEHICULO DE UN FAMILIAR.  EL VEHICULO AFECTADO ES UNA BLAZER BLANCA.  ",0
"INFORMA DE FMENINA DE 27 AnOS APARENTE BAJO EFECTO DE ALCOHOL TIENEN A SU HIJO DE AnO TRES MESES DENTRO DE VEHICULO PATRIOT TINTO SE NIEGA A ABRIRLO. USUARIO PADRE DEL MENOR TEME POR SU SALUD.   ",0
"SE RECIBE REPORTE DE FEMENINA LA CUAL REFIERE QUE ARRIBA UN MASCULINO DE CONFLEXION ALTA Y PELON EL CUAL LA AGREDE FISICAMENTE DANDOSE A LA HUIDA CON RUMBO DESCONOCIDO EL MIMSO VISTE CHAMARRA DE COLOR CAFE ( UNICO DATO )  ",1
"MASC. 24 AnOS. EBRIO. AGREDIO FISICAMENTE A SU PAREJA NOVIA Y LA DESPOJO DE SU TELEFONO CELULAR. EL AGRESIVO VISTE: CAMISA NEGRA Y SHORT. ESTA RONDANDO EL DOMICILIO UBICADO EN LA ESQUINA ABORDO DE VEHICULO HONDA CIVIC COLOR PLATA MOD. 2002.  ",1
"HAY DOS PERSONAS TRATANDO DE INGRESAR A SU VIVIENDA. UNO DE ELLOS ES SU EX ESPOSO UN MASCULINO DE 41 AnOS. AL PARECER ALCOHOLIZADO.  AFUERA ESTA UN VEHICULO COLOR BLANCO. USUARIO ESTA CON SU HIJA DENTRO DEL LUGAR ",1
"REPORTA A FEMENINA ALCOHOLIZAD AGREDIENDO A SUS FAMILIARES *ASI TAMBIEN CON SU VEHICULO ESTA GOLPEANDO A UNA CAMIONETA  *AL LLEGAR LA UNIDAD LA SEnALAN ",0
"1 MASUCLINO Y 1 FEMENINA DE 30 AnOS APROX. VAN EN VEHICULO CAMIONETA PORCH COLOR GRIS OSCURO ESTAN EN LOS CRUCES SE BAJAN DEL VEHICULO PARA DISCUTIR AMBOS SOBRE EL CAMELLON  EL REPORTANTE NO APORTA MAS DATOS SOLICITAN EL ARRIBO DE LA UNIDAD ",1
"REPORTAN A MASCULINO DE 35 AnOS AGRESIVO CON FEMENINA DE 28 AnOS. INDICA QUE LA PERSONA SE LLEVO A 2 MENORES DE EDAD. UNA FEMENINA DE 2 AnOS Y UN MASCULINO DE 5 AnOS. LA PERSONA VISTE CAMISA AZUL REY PANTALÓN AZUL MARINO Y USA BOTAS DE TRABAJO. NO TRAE VEHÍCULO. ES ESPOSO Y PADRE DE LOS MENORES.  ",1
"REPORTAN A MASCULINO DE 30 AnOS ESTA TOMADO Y MUY AGRESIVO CON FEMENINA DE LA MISMA EDAD. DICE ES SU EX PAREJA. ABORDA UN VEHÍCULO. SE UBICA POR FUERA DEL DOMICILIO. SE ESCUCHA QUE LA AGREDE.  ",1
"EN EL INTERIOR DE LA FINCA SE ENCUENTRA UNA MASCULINO DESCONOCIDO SEGUN EL REPORTANTE  ES EL AMANTE DE SU PAREJA  SE ESCONDE EN EL INTERIOR DE LA MALETA.    ",0
"MASCULINO AGRESIVO CON UNA FEMENINA EN LA VÍA PÚBLICA ÉL VISTE PLAYERA COLORNEGRO PANTALON DE MEZCLILLA TRAE UNA MOCHILA NO SE VE QUE PORTE ALGUN TIPO DE ARMA. SON DESCONOCIDOS.  ",1
"MENCIONA LA REPORTANTE QUE SU PAREJA ANOCHE LA SACO DEL DOMICILIO Y NO LE QUIERE ENTREGAR SU CELULAR Y SU VEHICULO SOLICITA DE LA POLICIA PARA QUE LO DETENGAN. ",1
"REFIERE LA INFORMANTE HACE 5 MINUTOS OBSERVO EN LA VIA PUBLICA A UN MASCULINO GRITANDOLE A FEMENINA CON VESTIDO ROJO GOLPEABA  VEHICULO GRIS NO PROPORCIONA MAS DATOS. PIDE APOYO DE UNIDAD DE POLICIA.  ",1
"A LA ALTURA DE LA GASOLINERIA FEMENINA DE ENTRE 30 AnOS DE EDAD TEZ RUBIA ROBUSTA VISTE CHAMARRA COLOR ROSA CON CAPUCHA PUESTA TRAE UN BEBE RECIEN NACIDO TAPADO CON UNA SABANA ESTA PIIENDO DINERO Y SE LES ATRAVIESA A LOS VEHICULOS REPORTA AUTOMOVILISTA. ",0
"MASCULINO AGRESIVO CON UNA FEMENINA EN LA VÍA PÚBLICA   ÉL VISTE TODO DE COLOR NEGRO  ELLA DE  PANTALON AZUL Y CHAMARRA  AMBOS SON DESCONOCIDOS  IGNORA SI PORTA ALGUN TIPO DE ARMA.  ",1
"DOS PISOS FACHADA AMARILLA CON VENADOS ARRIBA DE UN PORTON Y AFUERA ESTA ESTACIONADO UN AUTO COLOR BLANCA *SUJETO GOLPEANDO A UNA FEMENINA CON UNA PALA TIRADA EN EL PISO *DESCONOCE SI ES SU PAREJA O DESCONOCIDO *ESCUCHAN AL PASO LA AGRESION Y AL ASOMARSE SE DAN CUENTA DE COMO  ES LA AGRESION ",1
"C:1338913 NO PROPORCIONA UBICACION COMO REFERENCIA PASANDO LA KRISTERA  INFORMA DE MASCULINO EL CUAL AGREDE A UNA FEMENINA A BORDO DE  VEHICULO SEDAN ESTACIONADO EN VIA PUBLICA APARENTE LA AFECTADA SE ACOMPAnA DE UN BEBE ",1
"MASCULINO A BORDO DE UN VEHICULO SENTRA COLOR BLANCO PLACAS JRD 1348 ESTA AGREDIENDO FISICAMENTE A UNA FEMENINA NO LA DEJA BAJAR. ",1
"A LA ALTURA DE LA PREPARATORIA  Y LA GASOLINERIA  MPIO. CAJITITLAN   MASCULINO ABORDO DE UNA MOTOCICLETA  COLOR ROJO CON NEGRO SE ENCUENTRA AGRESIVO CON UNA FEMENINA ELLA GRITA PIDIENDO AYUDA AMBOS SON DESCONOCIDOS ELLA VISTE DE  PANTALON DE MEZCLILLA.  ",1
"NISSAN TUSURU TAXI NO INDICA NUMERO DE SITIO  NO INDICA PLACAS ESTA EN ALTO TOTAL MASCULINO AGREDE A SU CONYUGE DENTRO DEL VEHICULO  ",1
"REFIERE LA REPORTANTE QUE SU HIJO DE 21 AnOS CON UN DESARMADOR LA AGREDIO EN LA MANO REFIERE QUE TIENE MUCHO SANGRADO. REPORTAN NUEVAMENTE QUE EL SUJETO AMENAZA CON QUEMAR UN VEHICULO. ",1
"ESPOSO DE INFORMANTE LA AGREDIO FISICAMENTE INTENTA LLEVARSE A SUS HIJOS A LA FUERZA A BORDO DE VEHICULO FIGO BLANCO ESPERAN APOYO DE POLICIA EN EL DOMICILIO PARA SEnALARLO  ",1
" USUARIA REPORTA QUE EN ESTE MOMENTO SU HIJA ESTA SIENDO AGREDIDA FISICAMENTE POR SU NOVIO.  EL CAUSANTE RESPONDE AL NOMBRE DE ALBERTO BELTRAN ES DE ESTATURA BAJA TEZ MORENA COMPLEXION DELGADA VISTE PALYERA GRIS Y PANTALOPN AZUL HUYE DEL LUGAR EN UN VEHICULO DE COLOR BLANCO CON PLACAS JNR3627. ",1
"1353169 EN EL INTERIOR DE LA FINCA ESTA UN HOMBRE Y UNA MUJER DISCUTIENDO  EL SUJETO ACABA DE SALIR ES PROBABLE QUE SE VAYA EN SU VEHICULO UN  COROLLA NEGRO CON PLACAS DEL ESTADO DE MEXICO.  INFORMANTE ES LA HIJA DE LA AFECTADA SE ENCUENTRA AFUERA DE LA CASA.",0
"LA PERSONA QUE REPORTA REFIERE QUE ESTA AFUERA DE LA DIRECCION MENCIONADA EN UNA CAMIONETA COLOR GRIS SU EXPAREJA DE NIEGA A BAJARSE LO ESTA AGREDIENDO  FISICAMENTE LO ESTA AMENAZANDO CON QUEMARLE EL VEHICULO  ",0
"EN UNA CASA DONDE HAY UN VEHICULO GOLF BLANCO ESTA UN MASCULINO MUY AGRESIVO CON SU PAREJA. AL PARECER NO LA DEJA SACAR SUS COSAS DEL INTERIOR. ",1
"1353597 UN SUJETO ESTA AGREDIENDO A UNA MUJER EN LA CALLE ES SU EXPAREJA Y QUIERE SUBIRLA A UN VEHICULO NO TIENE MAS DATOS.  ES A UN LADO DEL CIRCO. ",1
"SE DIRIGEN CON RUMBO A LA CARRETERA A SALTILLO.  MENCIONA LA INFORMANTE QUE SU NOVIO LA GOLPEO Y NO LA DEJA BAJAR DEL UN VEHICULO EN COLOR BLANCO.  ",1
"NOTA: A LAS 08:36 HRS. LOS INVOLUCRADOS SE RETIRARON DEL LUGAR.  VARÓN APROX. 34 AnOS AMEDRENTA A UNA FÉMINA APROX. 30 AnOS; ESTÁN EN UNA CAMIONETA NEGRA. . . AJENOS A LA COLONIA. ELLA ESTÁ LLORANDO Y EL AGRESIVO NO LE PERMITE DESCENDER DEL VEHÍCULO. ",1
"REPORTA A SU EX PAREJA LA CUAL ESTA AGRESVA AFUERA DE SU CASA. REFIERE QUE ARROJO PIEDRAS Y DAnO SU VEHICULO HONDA ACCORD COLOR CAFE. ",0
"MENCIONA LA INFORMANTE QUE SOBRE LOS CRUCES ESTA CIRCULANDO UN VEHICULO AVEO TINTO CON UNA FEMENINA EN EL INTERIOR LA CUAL PIDE AYUDA PERO EL VEHICULO NO DEJA DE CIRCULAR ",1
"REPORTA A UN MASCULINO DE APROX. 28 A 30 AnOS ABORDO DE UN VEHÍCULO TIPO: HONDA COLOR: GRIS QUE ESTÁ AGREDIENDO A LA INFORMANTE... REFIERE QUE EL MISMO LA VINO PERSIGUIENDO DESDE QUE TUVO UN ALTERCADO VIAL CON ÉL HACE 20 MINUTOS...   ",1
"1370223 REPORTAN QUE EN AL VÍA PÚBLICA ESTA ESTACIONADO UN VEHÍCULO  IBIZA COLOR NEGRO ABORDO HAY UNA PAREJA Y ESTAN FORCEJEANDO IGNORAN SU ESTADO. NO PROPORCIONA MÁS DATOS. ",1
"C: 1373596 INDICA DE UN FAMILIAR: MASCULINO APROX. DE 40 AnOS CON ARMA BLANCA AGREDIENDO VERBALMENTE Y AMENAZANDO HACIENDO DESTROZOS: COMO QUEBRANDO LOS VIDRIOS DE SU DOMICILIO RAYANDO EL VEHICULO Y PONCHANDO LAS LLANTAS. VISTE: CAMISA ROJA GORRA NEGRA. CARAC: DELGADO MORENO ",0
"MENCIONA LA REPORTANTE QUE SUBIERON A LA FUERZA A UNA FEMENINA EN UN VEHICULO COLOR BLANCO AL PARECER SU PAREJA Y SE DIERON A LA FUGA HACIA EL SUR NO PORPORCIONAN MAS DETALLES SOLICITA DE LA UNIDAD. ",1
"A UN LADO DE LA PLAZA DEL SAUZ  SUJETO QUE VIAJA A BORDO DE UN VEHICULO CRAYSLER  MODELO 300 DE  COLOR PLATA SE ENCUENTRA EN EL CRUCE GOLPEANDO A UNA FEMENINA AL SALIER LOS VECINOS EL SUJETO ARRANCO  Y NO SE OBSERVA LA FEMENINA POR LO CUAL SUPONEN QUE SE LA LLEVO  ENFILO RUMBO A PERIFERICO  ",1
"ESTAN GOLPEANDO A UNA FEMENINA EN EL INTERIOR DE LA FINCA  IGNORA LA NUMERACIÓN Y SI PORTA ALGUN TIPO DE ARMA  ELLA GRITA PIDIENDO AYUDA  FUERA DE LA FINCA SE ENCUENTRA ESTACIONADO UN VEHICULO COLOR NEGRO.  ",1
"A BORDO DE UN VEHICULO SENTRA DE COLOR NEGRO PLACAS JBY4678 SE ENCUENTRA UN SUJETO GOLPEANDO A UNA FEMENINA DROGADA  MENCIONAN REPORTE ANTERIOR AUN SIN RESPUESTA  ",1
"MANIFIESTA LA REPORTANTE QUE UN MASCULINO Y UNA FEMENINA SE ESTAN AGREDIENDO REFIERE QUE ESTAN ABORDO DE UN VEHICULO MENCIONA QUE LA FEMENINA SE AVENTO DEL VEHICULO NO DA MAS DETALLES. ",1
"REPORTA QUE SU EXPAREJA ESTA PATEANDO LA PUERTA DE SU DOMICILIO Y ESTA ABORDO DE SU VEHICULO Y NO SE QUIERE RETIRAR ",0
"REFIERE LA REPORTANTE AL PASO DE SU VEHICULO EL CUAL SOBRE UN MASCULINO DE TES MORENA CON BARBACAMISA NEGRA APROXIMADAMENTE DE 40 A 50 A?OS Y PANTALON DE MEZCLILLA EL CUAL LA NI?A DE APROXIMADAMENTE 14 A?OS SALIO CORRIENDO DE LA CASA Y LA JALONEO PARA METERLA A LA CASA DESCONOCE SI ES SU PROGENITOR O QUE SEA DE LA NI?A LA MISMA CON VESTIMENTA CAMISA AMARILLA FOSFORENCENTE PANTALON DE MEZCLILLA  ",1
"REFIERE LA REPORTANTE SOBRE LOS CRUCES MENCIONADOS UN PROBLEMA FAMILIARSE ESCUCHABA QUE EL MASCULINO LE COLGO LA LLAMADA AL CUAL NO ALCANZO A PROPORCIONAR MAS DATOS SOBRE LA SITUACION VUELVE A RETORNAR LA LLAMDA Y NOS DA MAS DATOS AL CUAL NOS MENCIONA QUE TRAE UN VEHICULO MARCA  HONDA COLOR PLATA Y SU CONYUGE CON CARACTERISTICAS ROBUSTA 1.70MTS CABELLO CORTADO BIGOTE Y BARBA Y TATUAJES SE LLAMA JOSE LUIS ECHEVARRIA Y SU DOMICILIO ES POZO DEL MONTE PABLO VALDES CON NUMERAL 289 A LA ESPERA PARA PASAR MAS DATOS Y CARACTERISTICAS YA QUE SE LLEVO A SUS HIJOS EL MISMO ESTA BAJO LOS INFLUJOS DE LAS DROGAS Y ALCOHOLIZADO ",0
"REPORTA A UN MASCULINO CON EL CUAL NO TIENE PARENTESCO MISMO CUENTA CON ORDEN DE RESTRICCION  POR LO QUE TEME POR SU INTEGRIDAD YA QUE PASA POR SU DOMICILIO CON FRECUENCIA C. I 246/2029 MISMO DE NOMBRE JUAN GALINDO MENDOZA ABORDA UNA CAMIONETA COLOR ROJO CON RAZON SOCIAL WARER CALIFORNIA. VEHICULO . CON DOMICILIO EN LA CALLE GUILLERMO PRIETO 479.  ",1
"REPORTA QUE HACE UN MOMENTO SU PAREJA LA AGREDIO VERBALMENTE Y SE LLEVO SU VEHICULO SIN SU CONSENTIMIENTO. REFIERE QUE ES DE LA MARCA: HIUNDAY SUB MARCA: ASCENT COLOR; AZUL REY MODELO: 2020 PLACAS: JRS4721 DEL ESTADO DE JALISCO TIENE UN LOGO A UN LADO DE LA PLACA DEL SEGURO ESTRELLA. VISTE CAMISA TIPO POLO COLOR ROJO PANTALON DE MEZCLILLA MORENO ROBUSTO DE 25 A?OS RESPONDE AL NOMBRE DE SEBASTIAN JOVANY CERVANTES MARIN. NOTA: NO LO REPORTA COMO ROBADO YA QUE QUIEN SE LO LLEVO ES SU PAREJA. ",1
"MANIFIESTA LA REPORTANTE SUJETO LLEGO EN UN VEHICULO HONDA COLOR BLANCO VISTE DE PANTALON DE MEZCLILLA CAMISA A CUADROS ALTO DELGADO ESTABA DISCUTIENDO CON UNA FEMENINA ELLA POSTERIOR SE BAJO Y SE FUE JUNTO CON UN MENOR QUEDANDOSE EL SUJETO PORTANDO UN ARMA LARGA Y ESTA MUY AGRESIVO ",1
"EN ESTE MOMENTO LLEGO EL EX CONYUGE DE LA REPORTANTE Y LE QUEMO SU CASA SE QUEMO SU CAMA Y LA ROPA DE SUS HIJOS LA REPORTANTE LOGRO APAGAR EL FUEGO AUN HAY HUMO COLOR NEGRO EL SUJETO YA SE RETIRO DEL LUGAR RESPONDE AL NOMBRE DE VICTOR MANUEL DIAZ CRUZ REFIERE QUE SE DIO A LA FUGA A BORDO DE UNA MOTOCICLETA COLOR NEGRA CON BLANCO REFIERE ES ROBADA VISTE CAMISA ROJA CON AZUL Y SHORT BEIGE.  ",0
"EN UNA CARPINTERIA PORTON NARANJA MANIFIESTA QUE SU PAREJA ESTA MUY AGRESIVO AFUERA DE SU TRABAJO AYER LA AGREDIO Y LO TIENE DEMANDADO TIENE MIEDO LA AGREDA NUEVAMENTE ESTA EN UN VEHICULO COLOR NEGRO BISTE DE PLAYERA COLOR ROJO ",1
"REPORTA QUE ESTAN AGREDIENDO A GOLPES A UNA FEMENINA ABORDO DE UN VEHICULO FIAT COLOR GRIS. SE ENCUENTRA EN LA ENTRADA POR LA CARRETERA 200. ",1
"REFIERE LA REPORTANTE SU EX PAREJA QUIERE QUITARLE SU MENOR HIJO EL SE ENCUENTRA EN UN VEHICULO BIT COLOR BLANCO CON EL LOGOTIPO (LORD). ",0
"REFIERE LA REPORTANTE A UN COSTADO DEL NUMERAL ( 103 A ) UNA PAREJA SE ESTA AGREDIENDO A GOLPESPARA MEJOR REFERENCIA SE ENCUENTRA UN VEHICULO TAPADO CON UNA LONA. ",1
"CERCA DEL PANTEON EL CONYUGE DE LA REPORTANTE LA AVENTO DE LA CAMIONETA EXPLORER COLOR ARENA REFIERE QUE LA ESTABA AHORCANDO AL PASO UN MASCULINO LA VA A ABORDAR EN SU VEHICULO Y LA VA A DEJAR EN LA GASOLINERA DE MOJONERAS REFIERE QUE EL SUJETO ESTA EBRIO Y SE DIRIGE HACIA LA CALLE PLUTONIO 611 COLONIA VISTA DORADA. LOS DOS ESTAN EBRIOS.  ",1
"MANIFIESTA LA REPORTANTE QUE UN VEHICULO BLANCO QUE TIENEN CALCAS DE CONCRETOS INTENTO ATROPELLAR A LA FEMENINA SOLO LE AVENTO CON EL VEHICULO REFIRE QUE ES LA EXPAREJA DE LA AFECTADA ESTA TIENE SOLO RASGU?OS EN LOS PIES. ",1
"MASCULINO A UN LADO DE UN VEHICULO MUSTANG COLOR NEGRO ESTA AGREDIENDO A UNA FEMENINA Y LA ESTA OBLIGANDO A SUBIRSE A LA FUERZA AL VEHICULO VISTE CAMISA Y SHORT NEGRO. ",1
"REFIERE MASCULINO NO LES PERMITE INGRESAR AL DOMICILIO PORTA UN MARRO  LA INFORMANTE SE ENCUENTRA ARRIBA DE VEHICULO GRIS NO PROPORCIONA MAS DATOS COLGO NO SABIA SU UBICACION SE PONE LA QUE ARROJA EL SISTEMA. PIDE APOYO DE UNIDAD DE POLICIA.  ",1
"ESPOSO DE INFORMANTE LA AGREDIO VERBALMENTE Y DESTRUYO OBJETOS EN SU VIVIENDA AGRESOR ABORDDA VEHICULO FORD FIESTA COLOR BLANCO PLACAS JLB851 TEME QUE LE HAGA DA?O CUENTA CON UNA DEMANDA EN FISCALIA ESPERAN APOYO DE POLICIA EN DOMICILIO SE?ALADO  ",1
"1508552 ID  MANIFIESTA QUE ESTA LAVANDO UN VEHICULO Y ESCUCHA AL FONDO DE LA CALLE UNA FEMENINA Y UN MASCULINO  ",0
"REPORTAN AL PASO EN EL SENTIDO DE LAS VIAS A PERIFERICO ESTA EN CIRCULACION UN MASCULINO  VA EN UN VEHICULO JETTA COLOR BLANCO CON PLACA JKC3331 VIDRIOS POLARIZADOS INDICAN QUE ESTA UNA FEMENINA QUE SE QUIERE BAJAR PERO EL MASCULINO LA ESTA JALONEANDO Y LA METE AL VEHICULO NO LE PERMITE QUE SE BAJE SE DETIENEN EN EL SEMAFORO SOLICITAN EL ARRIBO DE LA UNIDAD ",1
"INDICA DE UN SUJERO AGREDIENDO FISICA Y VERBALMENTE A UNA FEMENINA ABORDO DE UN VEHICULO: TIPO SEDAN COLOR: GRIS PLACAS: JNP7260 QUE SE ENCUENTRA ESTACIONADO SOBR EEL CRUCE MENCIONADO. ",1
"INDICA LA INFORMANTE QUE SU ESPOSO ESTA AGRESIVO CON ELLA Y SUS HIJOS ESPERA UNIDAD ABORDO DE SU VEHICULO CHEVROLET SONY COLOR GRIS POR FUERA DEL BANAMEX  ",1
"VAN CIRCULANDO ABORDO DE UN VEHICULO MERCEDES BENZ 350 COLOR BLANCO APERLADO PLACAS DE LA CIUDAD MEXICO 459YXX CHOFER MASCULINO DE ENTRE 45 A 55 A?OS DE EDAD EL CUAL VA AGREDIENDO Y GOLPEANDO A UNA FEMENINA DE LA MISMA EDAD TEZ RUBIA VAN CON SENTIDO HACIA AV. OBSIDIANA.  ",1
"SUJETO AGREDE A SU PAREJA INTENTANDO SUBIRLA POR LA FUERZA A SU VEHÍCULO TIPO FORD FIESTA COLOR GRIS CRISTALES POLARIZADOS PLACAS JPG4159... DESCONOCE SI PORTE ARMA... SON TODOS LOS DATOS MANIFESTADOS... ",1
"1492340 UN MASCULINO ALCOHOLIZADO LLEGO AGRESIVO CON SU PAREJA ESTA A BORDO DE UN VEHICULO GOLF COLOR CAFE. ",1
"SUJETO GOLPEANDO A UNA FEMENINA EN LA VIA PUBLICA EN APARIENCIA YA LA SUBIO AL CARRO AUTO SENTRA BLANCO DESCONOCEN SI SON PAREJA NO PERTENECEN AL LUGAR SON DESCONOCIDOS.  ",1
"DENTRO DE LA FINCA SUJETO DROGADO ESTA GOLPEANDO A SU EX PAREJA  EL SE?ALADO ARRIBO AL  DOMILIO EN UN VEHICULO ATOS AMARILLO Y DESCONOCEN SI ESTE ARMADO  ",1
"SUJETO  QUE  VIAJA ABORDO DE  UN VEHICULO DE COLOR BLANCO TIPO TIDA SE ENCUENTRA EN EL CRUCE AGREDIENDO A UNA MUJER  ",1
"FEMENINA DE APROX. 49 A?OS SE ENCUENTRA CONSCIENTE TIRADA EN LA VÍA PÚBLICA LA GOLPEARON PRESENTA  HERIDAS CON HEMORRAGIAS EN LA CABEZA  SEGUN INTENTARON SUBIRLA POR LA FUERZA A UN VEHICULO QUIEN REPORTA SOLO ESCUCHO LOS GRIS LOS PORTAZOS DEL VEHICULO CUANDO SALIO LA ENCONTRARON ASÍ  DESCONOCE MÁS DATOS.  ",1
"PASO CORRIENDO UNA MUJER PIDIENDO AUXILIO AUXILIO  SE FUE HACIA VICENTE SÚÁREZ  UNA TERCERA PERSONA LE INFORMA QUE LA MUJER ESTA GOLPEADA SANGRA DE LA CABEZA MENCIONA QUE INTENTARON LLEVARSELA EN UN VEHICULO (DESCONOCE CARACTERISTICAS DEL AUTO) SI REQUIERE DE AMBULANCIA...  ",1
"MASCULINO AGRESIVO FUERA DE LA FINCA  ES LA EX PAREJA IGNORA SI PORTA ALGUN TIPO DE ARMA  VISTE CAMISA COLOR NEGRO LLEGO ABORDO DE UN VEHICULO FIGO COLOR BLANCO.    ",0
"REFIERE QUE SU EXPAREJA SE ENCUENTRA MUY VIOLENTO BAJO LOS EFECTOS DE LAS DROGAS SE ENCUENTRA ABORDO DE UN VEHICULO EN COLOR BLANCO CON PLACAS JNB1091 HAY MENORES EN EL LUGAR POR LO QUE SE PIDE EL APOYO DE LA POLICIA.  ",0
"EN EL INTERIOR DE LA FINCA UNA PAREJA ESTA DISCUTIENDO  ELLA ESTA ALTERADA E INTENTA SALIR DE UN DOMICILIO Y CONDUCIR SU VEHICULO EN LAS CONDICIONES EN LAS QUE SE ENCUENTRA PUDIERA  PROVOCAR UN ACCIDENTE   ",0
" USUARIA REPORTA QUE UN MASCULINO ESTA AGREDIENDO FISICAMENTE A UNA FEMENINA.  EL CAUSANTE ES DE COMPLEXION ROBUSTA CABELLO CHINO VISTE CAMISA NEGRA TIENE UN VEHICULO ROJO. ",1
"SE ESCUCHA A UNOS VECINOS QUE SON FAMILIARES ENTRE ELLOS PELEANDOSE AL PARECE SI HAY LESIONADOS YA QUE YÁ SE LLEVARON A UNA PERSONA OBSERVA SALIR HUMO NEGRO A PARECER ESTAN QUEMANDO ALGO COMO REFERENCIA A ESPALDAS DEL TEMPLO...  ",0
"1473372 HAY UN VEHICULO AFUERA DE SU VIVIENDA CON UNA PAREJA AGREDIENDOSE VERBAL Y FISICAMENTE ESTAN A BORDO DE UN TOYOTA COLOR GRIS TIENEN APROX 10 MINUTOS ",1
"1477029 REPORTA LA INFORMANTE QUE SU ESPOSO LA AGREDIO A GOLPES Y LA SACO DEL DOMICILIO Y ESTA REFIERE QUE SE QUEDO CON SU MENOR DE 4 A?OS Y QUE DE IGUAL FORMA LA AGREDIO. LA INFORMANTE YA HABIA REALIZADO REPORTE PREVIO A ESTE Y NO A LLEGADO LA UNIDAD DE POLICIA REFIERE LA REPORTANTE QUE POSIBLEMENTE SE LA LLEVO EN LA MOTOCICLETA MK250 EN COLOR AZUL. O EN UN VEHICULO SPARK EN COLOR BLANCO LA REPORTANTE EN ESPERA DE LA UNIDAD DE POLICIA SEGUN VERSION Y DATOS QUE LA PARTE INFORMANTE MANIFESTO.    ",1
" USUARIA REPORTA QUE TIENE UNA FIESTA EN SU DOMICILIO Y A LAS 21:30 HORAS LLEGARON A LA FIESTA 4 O 5 MASCULINOS Y ESTAN ALCOHOLIZADOS AFUEWRA DEL DOMICILIO AGREDIERON FISICAMENTE A UNA FEMENINA QUE SE ENCUENTRA EN LA FIESTA.  REFIERE QUE NO LOS CONOCE QUE AL PARECER UNO DE ELLOS ES NOVIO DE UNA ASISTENTE A LA FIESTA. Y QUE LLEGARON EN UN VEHICULO DE COLOR BLANCO. ",1
"MASCULINO AGREDE FISICAMENTE A FEMENINA SE UBICAN A UN COSTADO DE A  ESCUELA PRIMARIA Y KINDER ABORDA VEHICULO TSURU COLOR NEGRO IGNORAN PLACAS AGRESOR  VISTE BERMUDA CREMITA Y PLAYERA NEGRA  SE ESTAN DIRIGIENDO POR CALLE SAN MATEO ",1
"FRACCIONAMIENTO SAN JOSÉ RESIDENCIAL. INDICA QUE SU PAREJA MASCULINO DE 33 A?OS DE EDAD DE NOMBRE JOSÉ ALBERTO FLORES ÁVALOS DE COMPLEXIÓN MEDIA TEZ MORENO CLARO ESTATURA APROXIMADA DE 1.75 METROS SE LLEVÓ AL HIJO DE LA INFORMANTE ABORDO DE UN VEHÍCULO HONDA CIVIC COLOR GRIS OBSCURO MODELO 2010 PLACAS: F92BCP.  EL MASCULINO MENCIONÓ QUE NO VOLVERÍA VER A SU HIJO Y QUE SI LLEVABA ALGUIEN AL DOMICILIO PARA RECUPERAR AL MENOR LA IBA A MATAR PARA QUE NO SE QUEDARA CON EL MENOR.  NO PROPORCIONA MÁS INFORMACIÓN.  ",0
"OCURRIO A LAS 13:00 HRS; ENTRE UN VEHÍCULO SUZUKI SWIFT COLOR: ROJO Y UN CAMIÓN DE LA RUTA 30 A COLOR: VERDE N.E. 0073 CUYO CONDUCTOR; MASCULINO DE APROX. 45 A 48 A?OS; AGREDIO VERBALMENTE A LA INFORMANTE Y LA AMENAZO CON UN PALO DE ESCOBA...  VISTE: CAMISETA COLOR: BLANCO Y PANTALÓN...  SE?ALA QUE EL ACCIDENTE OBSTRUYE LA CIRCULACIÓN...   ",1
"1471412 EL HERMANO DE INFORMANTE ESTABA AGRESIVO CON SU FAMILIA Y SE RETIRO HACE CINCO MINUTOS A BORDO DE UN VEHICULO HONDA COLOR GRIS AMENAZO CON REGRESAR PARA GOLPEARLOS VIVE A DOS CUADRAS. ",0
"1471070 ID  UNA FEMENINA VA DETRAS DEL INFORMANTE ABORDO DE UN VEHICULO CON PLACAS JK5834. (HIJA DEL INFORMANTE);  EL MASCULINO LE SOLICITA UN DINERO QUE ELLA LE TOMO Y SE NIEGA ENTREGARLO LE RECLAMA LA FEMENINA QUE NO DEBE METERSE CON SU PROGENITORA QUE LA DEJE.  EL AFECTADO TOMA LA BOCINA E INDICA QUE ES SU HIJA Y LO AGREDIO FISICAMENTE ESPERA LA UNIDAD.  ",0
"1464495 EL EXPAREJA DE UNA SE?ORA LA AGREDIO Y SE RETIRO A LAS 06:45 HRS. VA A BORDO DE UN VEHICULO NISSAN TSURU COLOR ROJA. A LAS 06:53 HRS. REFIERE LA AFECTADA QUE YA NO REQUIERE LA UNIDAD.  ",1
"*SE ABRE REPORTE A LAS 19:41 HORAS EL VEHÍCULO YA SE RETIRO DEL LUGAR NO SE REQUIERE EL APOYO DE UNA UNIDADES*  ABORDO DE UN CHEVY COLOR TINTO ESTA UNA PAREJA HETEROSEXUAL JUNTO CON UNA MENOR DE 7 A?OS APROXIMADAMENTE ESTAN AGREDIENDOSE FÍSICA Y VERBALMENTE LA CAUSA LA DESCONOCE PIDE APOYO DE UNA UNIDAD PARA REVISAR LA SITUACIÓN PRESENTE.  ",1
"UNA FEMENINA DROGADA AGREDIO FISICAMENTE A SU PAPA DE LA TERCERA EDAD SE BAJO DE SU VEHICULO TSURU COLOR AZUL  AFECTADO SE UBICA FRENTE A CASA DE EMPE?O  PRESTA FACIAL  AGRESORA SE FUE HACIA UN LOTE BALDIO CERCANO IGNORAN VESTIMENTA    ",0
"A UN COSTADO DE DOMICILIO SE?ALADO VECINO DE INFORMANTE AGREDE FISCAMENTE A SU ESPOSA UBICADOS EN LA COCHERA VENDEN CDS AFUERA HAY UN VEHICULO CHEVY COLOR ROJO  ",1
"EN UN VEHÍCULO JETTA SE ENCUENTRA UN MASCULINO SIN CAMISA Y ESTA GOLPEANDO A UNA FEMENINA ELLA VISTE BLUSA ROJA Y PANTALÓN DE MEZCLILLA. ",1
"INDICA LA USUARIA QUE DENTRO DE UN VEHÍCULO HONDA FIT COLOR PLATA PLACAS: 617WHB SE ENCUENTRA UNA MENOR DE APROXIMADAMENTE 6 A?OS DE EDAD LOS VIDRIOS DEL VEHÍCULO ESTÁN COMPLETAMENTE ARRIBA Y NO HAY PERSONAS CERCANAS AL VEHÍCULO.  MENCIONA QUE LA MENOR SE ENCONTRABA LLORANDO LA MISMA ABRIÓ LA PUERTA DEL VEHÍCULO SONÓ LA ALARMA Y ES ASÍ COMO LA INFORMANTE SE PERCATA QUE LA MENOR ESTABA SOLA.  NO PROPORCIONA MÁS INFORMACIÓN. EN ESPERA DE UNIDAD.  ",1
"1463803  APROX. A LAS 23:00 HRS. LA ESPOSA DE INFORMANTE LE QUEBRO EL CRISTAL DE SU VEHICULO UN NISSAN TSURU TAXI VISTE: SUDADERA NEGRA Y PANTALON AZUL TRAE MOCHILA ROSA VA CAMINANDO HACIA CALLE REY SAYIL 1603. ",0
"REFIERE EL INFORMANTE HACE 5 MINUTOS MASCULINO DE 35 A 40 A?OS DROGADO SE ENCONTRABA EN LA VIA PUBLICA AGREDIENDO FISICAMENTE A SU ESPOSA E HIJOS LOS SUBIO A UN VEHICULO NISSAN TSURU TAXI AMARILLO SITIO 4570 CARACTERISTICAS: ALTO GORRA CAMISA BLANCA CIRCULAN POR CALLE MANUEL ACU?A HACIA LA CALZADA.  ",1
"A UNA CUADRA DE LA FARMACIA GUADALAJALARA *REPORTA EL ROBO CON VIOLENCIA DE UNA MOTO CARRO COLOR BLANCA  UNIFAN C 300 MODELO 2016 SIN DATOS DE PLACAS AL MOMENTO *EN ESTE MOMENTO YA VE SU VEHICULO ESTACIONADA EN LA CASA DE SU  PROGENITORA QUE AL PARECER SE LA LLEVO SU HERMANO  *MISMO QUE SE ENCUENTRA BASTANTE AGRESIVO Y LO AMENAZA CON  ACERCARSE AL LUGAR *AGREGA QUE EL AGRESOR PORTA UN ARMA BLANCA CON EL QUE AMENAZA *AL LLEGAR LA UNIDAD LO SE?ALAN ",0
"TICKET 1459397  GASOLINERIA PEMEX  DEL CRUCE. MASCULINO AGRESIVO CON LA PAREJA  LA AFECTADA SE ENCUENTRA ENCERRADA EN EL BA?O DEL LUGAR EL AGRESOR ABORDO DE UN VEHICULO NEW YORK COLOR BLANCO PORTA UN ARMA DE FUEGO.         COLGO LA LLAMADA        ",1
" USUARIO REPORTA QUE HACE 10 MINUTOS SU CU?ADO AGREDIO FISICAMENTE A SU HERMANA.  EL CAUSANTE ES DE 1.75 METROS DE ESTATURA USA EL CABELLO A RAPA ES DE TEZ MORENA DE COMPLEXION ROBUSTA TIENE UN VEHICULO DE COLOR ROJO NO SABE COMO SE ENCUENTRE VESTIDO. ",1
"MENCIONAN QUE UN MASCULINO DROGADO ACABA DE GOLPEAR A SUS HIJAS  NO REQUIEREN AMBULANCIA ESTA CAUSANDO DA?OS AL LUGAR  VISTE PANT MEZCLILLA Y SUDADERA COLOR GRIS ESTA TRATANDO DE RETIRARSE EN UN VEHICULO ATOS COLOR  ROJO  NO PROPORCIONAN MAS DATOS AL RESPECTO  ",1
"UN MASCULINO DE 24 A?OS ARRIBO ACOMPA?ADO DE UNA UNIDAD DE POLICIA AL DOMICILIO POR SU VEHICULO Y AMENAZO A LA FAMILIA POLITICA CON MATARLA SI NO LE ENTREGABAN SU VEHICULO. EL VEHICULO LO TIENE LA ESPOSA FEMENINA DE 23 A?OS.  ",0
"FUE A LA CASA  DE SU EX PAREJA  A RECOJER SU VEHICULO QUE  SE LLEVO  POR LA FUERZA ES UN STRATUS BLANCO MODELO 2006  LE ROBO  ACCESORIOS Y ESTA VIOLENTO. YA TIENE  5 A?OS  DE SEPARADA   ",1
"1452688 CARBYNE NO MUESTRA UBICACIÓN. **** EN EL INTERIOR DE NEGOCIO ....TACOS FONSECA... SE ENCUENTRA UNA MUJER SE REFUGIO EN EL SITIO YA QUE UN HOMBRE INTENTA GOLPEARLA. EL SUJETO ESTA EN UN VEHÍCULO ES GORDO TEZ BLANCA DE ENTRE 60 Y 65 A?OS.  LA AGREDE VERBALMENTE.  ",0
"SE VUELVE A COMUNICAR A LAS 14.28 HORAS YA QUE LA UNIDAD AÚN NO LLEGA Y SIGUEN ESPERANDO. ************************************************************************************** SE COMUNICAN NUEVAMENTE A LAS 13.10 HORAS YA QUE LA UNIDAD AÚN NO LLEGA. **************************************************************** 1451835 CARBYNE NO MUESTA UBICACIÓN. ****** ESPERA UNIDAD EN SU HOGAR PARA SE?ALAR DOMICILIO PRÓXIMO EN EL QUE SE ENCUENTRA SU EXPAREJA LA CUAL NO LE PERMITE SACAR SUS PERTENENCIAS Y NO LE ENTREGA SU VEHÍCULO.  ",0
"MANIFIESTA DE SUJETO 45 A?OS  EL CUAL ESTA INTENTA INGRESAR  Y AGREDIR AL USUARIO SOLICITA ACUDA PERSONAL .                                                TRAE UN VEHICULO AVEO  BLANCO                        ",0
"REFIERE EL INFORMANTE QUE UN MASCULINO ESTABA GOLPEANDO A UNA FEMENINA MISMA QUE FUE SUBIDA A UN VEHICULO EN COLOR ROJO Y HUYE POR CALLE LORETO HACIA TATEPOSCO. CITA QUE EL SUJETO LA SIGUE GOLPEANDO POR EL TRAYECTO. ",1
"CHEVY COLOR VERDE CLARO Y ESTAN ESCUCHANDOSE GRITOS DEL INTERIOR DEL VEHICULO COMO SI GOLPEARAN O SOMETIERAN A UNA MUJER ",1
"MASCULINO 37 A?OS APROXIMADAMENTE HERMANO DEL USUARIO SE ENCUENTRA BAJO LOS EFECTOS DE ALCOHOL O ALGUNA DROGA AMENZA CON QUEMAR VEHICULOS QUE ESTÁN EN EL LUGAR INTENTA INGRESAR A LA VIVIENDA A LA FUERZA PIDE APOYO DE UNA UNIDAD PARA REVISAR LA SITUCIÓN PRESENTE.  ",0
"TOYOTA YARIS COLOR ROJO  PLACA JPF8970 TIENE LOS CRISTALES POLARIZADOS. EN LA PARTE TRASERA SE VE UNA FEMENINA GRITA LLORA Y PIDE AYUDA.    VAN CIRCULANDO A ALTA VELOCIDAD POR LA CALLE DE CONSTANCIA  A LA ALTURA DE REPUBLICA    SON DESCONOCIDOS EL REPORTANTE VA DETRAS DE ELLOS.  ",1
"REPORTAN HAY UNA PELEA DE UNA PAREJA DE 40 A 50 A?OS EN LOS CRUCES. INDICAN EL MASCULINO ABORDA UN VEHICULO. NO PROPORCIONAN DATOS.  ",1
"  00:22 HRS. SE INFORMA QUE EL CRUCE ES  MAURO CARRILLO      LA PAREJA DE LA REPORTANTE  SE LLEVO POR LA FUERZA A SU HIJO (HACE UN MES)  EN ESTE MOMENTO LO TIENEN EN DICHO DOMICILIO  SE ENCUENTRA AGRESIVO SE NIEGA A ENTREGARLE EL MENOR SEGUNLA REPORTANTE PORTA UN ARMA DE FUEGO  FUERA DE LA FINCA UN VEHICULO COLOR GRIS.  LA AFECTADA ESPERA UNIDAD EN LA VÍA PÚBLICA.   ",0
"MANIFIESTA QUE SU EXMARIDO ABORDO DE UNA CAMIONETA DE TRES TONELADAS CON PLACAS JH82798. LA SIGUIO HASTA SU TRABAJO.  REFIERE QUE AL SALIR DE SU FINCA Y ABORDAR SU VEHICULO EL MASCULINO DE GOLPEO EL CRISTAL PARA QUE DESCENDIERA DEL VEHICULO AL NO HACERLO LA SIGUIO.  ",1
"MASCULINO DE 52 A?OS DROGADO ABORDO DE TAXI (SITIO 20) COLOR AMARILLO CON AZUL AMENZO CON ARMA DE FUEGO A EX PAREJA SENTIMENTAL MENCIONA QUE LE DESTROZO EL VEHICULO REFIERE QUE YA CUENTA CON ORDEN DE RESTRICCION Y DENUNCIA POR VIOLENCIA ESTA RONDANDO EL LUGAR INFORMANTE PIDE APOYO DE UNIDAD DE POLICIA.  ",1
"1436291  EN EL TALLER MÉCANICO QUE TIENE UN ÁRBOL DE GUAMÚCHIL Y FUERA ESTA UN VEHÍCULO COLOR BLANCO REPORTAN QUE SE ESTAN ESCUCHANDO GOLPES Y GRITOS DE UNA FEMENINA LA CUAL DICE ** SUELTAME ** IGNORAN QUE LE ESTA SUCEDIENDO.  NO PROPORCIONA MÁS DATOS. ",1
"FEM. 31 A?OS. AGRESIVA CON EL INFORMANTE YA LE ROMPIO LA ROPA . LA AGRESIVA INTENTA LLEVARSE COMPUTADORA PROPIEDAD DEL INFORMANTE  VISTE: PANTALON DE MEZCLILLA BLUSA AZUL A RAYAS TENIS LILAS.  ABORDA VEHICULO: SPARK COLOR VERDE PLACAS: 535 Y JS DE LA CD MEXICO.    ",0
"HACE 15 MINUTOS. UN MASCULINO ADULTO DESCONOCIDO EN ACTITUD AGRESIVA INTENTO SUBIR A UN VEHICULO GRIS MODELO RECIENTE A LA HIJA DE INFORMANTE FEMENINA DE 16 A?OS UNA SE?ORA TRANSEÚNTE LA AUXILIO EL SUJETO AMENAZO CON REGRESAR POR LA MENOR. LA MENOR LLEGO A SU DOMICILIO SE ENCUENTRA SOLA INFORMANTE PROGENITORA ESTA TRABAJANDO PIDE EL APOYO DE LAS AUTORIDADES CORRESPONDIENTES.  ",1
"I.D. 1431538 REPORTA LA INFORMATE TENER 18 A?OS Y REFIERE QUE ABORDO UN VEHICULO UBER ERA UN NISSAN VERSA EN COLOR AZUL LAS PLACAS NO LE SALEN EN LA APLICACION. Y EL CHOFER DE NOMBRE JAVIER SE PASO A LA PARTE TRASERA DEL VEHICULO Y VIOLO A LA REPORTANTE ESTO SUCEDIO COMO A LAS 20:50 HRS. LA AFECTADA SE LOCALIZA EN DALIA 27 CRUZA AV. LOS ABEDULES Y OLMO COL. LOS ABEDULES.  SEGUN VERSION Y DATOS QUE LA PARTE INFORMANTE MANIFESTO.     ",1
"EN LA CASA DE CANCEL NEGRO CON UNA ESCALERA METALICA  Y A FUERA DE ESTE  INMUEBLE ESTA ESTACIONADA UNA CAMIONETA VAN  AZUL PLACAS JEK1170  INFORMANTE QUE CONDUCE UN VEHICULO UBER  TRASLADO HASTA ESRTE DOMICILIO A UNA FEMENINA Y SUS DOS HIJAS DE 5 Y 11 A?OS  REFIEREN QUE EL TRANSCURSO DEL CAMINO LAS IBA  GOLPEANDO Y LAS AMENAZO CON QUEMARLES  LAS MANOS  YA DENTRO DEL INMUEBLE   INFORMANTE ESCUCHA COMO LAS GOLPEA Y LAS MENORES  NO DEJAN DE LLORAR  ",1
"HACE UNOS MIMUTOS UN  MASCULINO DE UNA  CAMIONETA PICK UP COLOR GRIS  PLACA  JP00902 ESTACIONADA EN LA VÍA PÚBLICA  INTENTO VIOLAR A LA HIJA DE LA REPORTANTE FEMENINA DE 18 A?OS  LE AGARRO LAS NALGAS Y LA JALO HACIA EL ELLA NO REQUIERE DE AMBULANCIA EL VEHICULO SIGUE EN EL LUGAR.  ",1
" INFORMANTE CIRCULA EN VEHÍCULO ATLANTIC LO SIGUE CAMIONETA RANGER DOBLE CABINA DE COLOR PLATA SE DIRIGE A LA COLONIA MEZQUITAN FUE A RECOGER SUS PERTENENCIAS CON EX PAREJA NO SE LAS ENTREGO Y LA ACTUAL PAREJA DE LA INFORMANTE ES QUIEN LO SIGUE.                       ",0
"DOS SUJETOS AGREDEN A FEMENINA INTENTANDO SUBIRLA A VEHÍCULO COMPACTO COLOR NEGRO NO VE PLACAS... DESCONOCE SI PORTEN ARMA... AMBOS VISTEN DE ROPAS OSCURA... SON TODOS LOS DATOS MANIFESTADOS... ",1
"UN MASCULINO 25 A?OS ESTA EN ACTITUD AGRESIVA CON SUS PROGENITORES YA LOS AGREDIO A GOLPES QUIERE LLEVARSE UN VEHICULO SIN SU CONSENTIMIENTO REPORTA ELEMENTO DE SEGURIDAD DEL FRACCIONAMIENTO.  ",0
"C: 1424768 AVEO TINTO CON UN MASC DE 38 A?OS DE EDAD EL CUAL ESTA GOLPEANDO A UNA MUJER QUE LLEVA EN LA PARTE DE ATRÁS PIDEN ACUDAN AL LUGAR SON TODOS LOS DATOS OTRORGADOS... (EL VEHICULO ESTA DETENIDO EN EL LUGAR LA MUJER ESTA GRITANDO) ",1
"SE ESCUCHAN FUERTE AGRESION DE PAREJA Y ELLA PIDE AYUDA *MARCAN A ESTE SISTEMA PERO NO CONTESTA NADA SOLO SE ESCUCHA LA AGRESION *AL PARECER SE ENCUENTRAN ARRIBA DE UN VEHICULO Y SE ESCUCHA QUE LLORAN NI?OS *EL SISTEMA MARCA SOBRE LAS CALLES ALVAREZ DEL CASTILLO ALBERTO CARDENAS COSIO VIDAURRI *CERCA HAY UNA IGLESIA CRISTIANA BAUTISTA EMAUS SOBRE LA VIA PUBLICA ***YA CONTESTA ELLA Y NO SABE DONDE ESTA Y AL ESCUCHAR EL AGRESOR LE ARREBATA EL TELEFONO Y CORTA LA LLAMADA***** ******FAVOR DE VERIFICAR EL LUGAR***** ",1
"INFORMA QUE SU EX PAREJA FEMENINA DE 18 A?OS ESTA AGRESIVA SE ENCUENTRAN AFUERA DEL DOMICILIO ABORDO DE UN VEHÍCULO NEON COLOR ROJO ESPERAN UNIDAD.  ",0
"1414161 NOTA. EL INFORMANTE VIVIE EN LOS CRUCES Y ESCUCHA QUE LA FEMENINA QUIERE RETIRARSE Y EL SUJETO NO LA DEJA REQUIERE EL INFORMANTE QUE LA POLICIA LA ACOMPA?E A SU DOMICILIO DE LA FEMENINA AFECTADA.  REPORTA EL INFORMANTE QUE ESTA UN SUJETO ESTA JALONEANDO A UNA FEMENINA ESTAN SOBRE UN VEHICULO CHEVY EN COLOR GRIS SEGUN VERSION Y DATOS QUE LA PARTE INFORMANTE MANIFESTO.   ",1
"1413938 TÍO DE LA INFORMANTE EBRIO AGREDE FÍSICAMENTE A SU PAREJA ESTRELLANDOLA CONTRA CRISTAL DE SU VEHÍCULO... FEMENINA APROX. 32 A?OS PRENSENTA LESIÓN EN CRANEO Y ROSTRO CON HEMORRAGIA Y PÉRDIDA DE VISIÓN DE UN OJO... ANTECEDENTES DIABÉTICA... SON TODOS LOS DATOS MANIFESTADOS... ",1
"SE INFORMA EL SERVICIO A LAS 22:46 HORAS PARA INDICAR QUE EL NUMERO CORRECTO DEL INMUEBLE ES EL 2555 Y ABAJO DE ESTA NOMENCLATURA TIENE LOS NUMEROS 565  AL COSTADO DEL TEMPLO DE  NUESTRA SE?ORA DE GUADALUPE  UN SUJETO  DROGADO DE NOMBRE LUIS  BA?ALES HUARACHA AGREDIO A SU EX PAREJA... EL SE?ALADO VISTE DE SUDADERA CON CAPUCHA  NEGRA Y CONDUCE UNA  MOTOCICLETA  BLANCA TIENE UNA ORDEN DE APRESION POR  VENTA DE DROGA.. ESTA DANDO VARIAS   VUELTAS EN EL DOMICILIO Y LO ACOMPA?AN OTROS SUJETOS EN UN  VEHICULO DEL CUAL DESCONOCEN CARACTERISTICAS  ",1
"FOLIO CARBYNE: 1408634 REFIERE EL INFORMANTE SU ESPOSA DE 36 A?OS NO LE PERMITE INGRESAR AL DOMICILIO PARA LLEVARSE SU VEHICULO Y MOTOCICLETA. PIDE APOYO DE UNIDAD DE POLICIA.  ",0
"SE?ALA USUARIO QUE REQUIEREN APOYO MEDICO.  HACE 15 MINUTOS LLEGÓ A SU DOMICILIO LA MENOR DANIELA NAYELI GUTIERREZ ESPEJO DE 13 A?OS DE EDAD DESAPARECIDA DESDE AYER. ACOMPA?ADA DE SU AMIGA. AMBAS SE?ALAN QUE FUERON VIOLADAS. POR UNOS SUJETOS DESCONOCIDOS MISMOS QUE LAS LLEVARON EN UNA CAMIONETA BLANCA HASTA UN TERRENO AHÍ FUERON AGREDIDAS SEXUALMENTE. EL TERRENO ESTABA CERCA DE ISLA RAZA Y COLON. ESTÁN ALTERADAS TIENEN DIFICULTAD PARA HABLAR.    ",1
"CASA HAB. DE DOS PLANTA COLO NARANJA ES LA  PARTE BAJA.  FUERA ESTA VEHICULO SEDAN NEGRO LOS FAMILIARES SE AGREDEN EN EL INTERIOR.  ",0
"1398448 CARBYNE NO MOSTRÓ UBICACIÓN. ***** AFECTADA SE BAJO DE CAMIÓN EN ESTE CRUCERO ESPERA UNIDAD AFUERA DE BODEGA QUE DICE ...GRANOS DE JALISCO.... (SE CORTÓ COMUNICACIÓN Y NO DIERON MÁS DATOS. ). ****** A BORDO DE CAMIÓN URBANO RUTA 629 UN HOMBRE GOLPEÓ A UNA MUJER DE 50 A?OS EN UN OJO Y ELLA YA NO PUEDE VER. EL AGRESOR AL PARECER ES UN DESCONOCIDO.   ",1
"1392393 LLEGÓ UNA CAMIONETA BLANCA CON 10 MASCULINOS ABORDO AFUERA DE SU CASA AL SALIR ELLA LA SUBIERON COMENZARON A GOLPEARLA Y LA VIOLARON AFECTADA SE LLAMA ANA ISABEL HERNÁNDEZ FLORES HACE UNA HORA QUE LA SUBIERON AL VEHÍCULO LA DEJARON EN EL PUNTO Y ELLA REQUIERE EL APOYO DE LAS UNIDADES. ",1
"EX ESPOSO DE INFORMANTE LA AGREDE VERBALMENTE SE NIEGA A ENTREGARLE SU VEHICULO ESPERAN APOYO DE POLICIA EN DOMICILIO SE?ALADO  ",1
"CHOQUE ENTRE VEHICULO ESTAQUITAS NISSAN COLOR BLANCA Y HYNDAI I 10 INDICA INFORMANTE QUE EL CAUSANTE DE LA CAMIONETA ESTABA HUYENDO PORQUE AGREDIO FISICAMENTE A SU PAREJA ESPERAN APOYO DE LAS UNIDADES CORRESPONDIENTES PARA SE?ALARLO ",1
"ACABA DE SUCEDER A LAS 12:38 HRS FUERA DEL PARQUE INDUSTRIAL; REPORTA A UN MASCULINO DE APROX. 40 A?OS QUE AGREDIO FISICAMENTE A LA INFORMANTE (TRANSEUNTE) Y LE ROMPIO LOS AUDIFONOS QUE ESTABA UTILIZANDO... REFIERE QUE EL MISMO PENSABA PASARSE UN SEMAFORO EN ALTO CUANDO ELLA SE IBA ATRAVESANDO...  VISTE: CHAMARRA COLOR: ROJO Y PANTALÓN DE MEZCLILLA COLOR: AZUL...  SE?ALA QUE HUYO ABORDO DE UN VEHICULO NISSAN VERSA COLOR: BLANCO PLACAS: JRL5493...  *** ESPERA A LA POLICIA FUERA DEL PARQUE INDUSTRIAL PARA  ENTREVISTA *** ",1
"SUJETO DROGADO DE NOMBRE  ELEAZAR VALLE GAMI?O VIOLO A SU PROGENITORA DE 86 A?OS  EL SE?ALAD  HUYO EN UN VEHICULO  FIGO BLANCO  ",1
"REPORTA QUE A UN LADO DEL DOMICILIO MENCIONADO SE ESUCHA QUE UNA FEMENINA CON SUS HIJOS SON AGREDIDOS FISICAMENTE POR EL ESPOSO SOLICITAN ACUDA UNA PATRULLA AL DOMICILIO HAY UN VEHICULO NISSAN DEPORTIVO COLOR NARANJA AFUERA DEL DOMICILIO EXACTO.  ",1
"ARRIBO UN VEHICULO SEAT IBIZA BLANCO SE ENCUENTRAN DOS MASCULINOS DE 25 Y 40 A?OS UNO DE LOS SUJETOS ESTA SIN CAMISA Y PANTALON ROTO.  ",0
"INDICA QUE SU ESPOSO ESTA EBRIO Y AGRESIVO LA MISMA LE QUITO LAS LLAVES DE SU VEHICULO CHEVY ROJO 4 PUERTAS Y ELLA SE BAJO DE ESTE.  ESPERA UNIDAD.  ",0
"SE ABRE REPORTE A LAS 12:07 HORAS REFIERE INFORMANTE QUE NO HA LLEGADO LA UNIDAD SIGUE EN ESPERA DE LA MISMA QUIERE LEVANTAR DENUNCIA.  HACE 15 MINUTOS 2 MASCULINOS DE 25 A 27 A?OS EN EL MOTEL ARUBA GOLPEARON A INFORMANTE Y LE ROBARON 2 MIL PESOS UN CELULAR ABORDAN UN VEHICULO ROJO  UNO VISTE PANTALÓN DE MEZCLILLA CAMISA ROJA Y CHAMARRA DE PIEL NEGRA OTRO VISTE CAMISA BLANCA CON PUNTOS NEGRO Y CHAMARRA CAFÉ Y PANTALÓN ROJO. AFECTADA MENCIONA QUE PIDIO EL APOYO EN EL MOTEL Y NO LE QUISIERON AYUDAR PIDE EL APOYO DE UNIDAD DE POLICIA PARA VER LAS PLACAS DEL VEHICULO QUE ABORDABAN LOS CAUSANTES Y LEVANTAR DENUNCIA EN FISCALÍA AFECTADA VISTE FALDA DE PIEL NEGRA SUETER DE VESTIR AZUL MARINO.  ",1
"INDICA DE 2 FAMILIARES: EL TIO Y EL PRIMO LO AGREDIERO FISICA Y VERBALMENTE DESPOJARON DE PERTENENCIAS COMO TELEFONOS CELULARES DINERO EN EFECTIVO ($ CIEN MIL PESOS) Y DE SU VEHICULO. HACE 20 MINUTOS. REF: A UN COSTADO DE LA GASOLINA Marca: HONDA SubMarca: CIVIC 2 PTAS Modelo: 1998 Color: NEGRO Propietario: FRANCISCO NICOLAS CABRERA Placa: JGR1259 Edo: Jalisco Tipo: Particular Características : VIDRIOS POLARIZADOS CON ACCESORIO MODIFICADOS. Robado en : CARRETERA A SALTILLO KM 15  7 A COL. SAN ISIDRO SAN ISIDR TEL: 3326509729 ",0
"MENCIONA QUE VA DE PASO Y EN UNA VIVIENDA SE ESCUCHAN GRITOS Y GOLPES. DESCONOCE EL COLOR DE LA FACHADA AFUERA HAY UN VEHICULO COLOR ROJO ESTA EN LA ESQUINA Y NO TIENE CANCEL ",0
"CASI SOBRE LOS CRUCES.. EN UNA ZONA OSCURA DEBAJO  DE UNOS ARBOLES  Y DENTRO DE UN  VEHICULO GRIS OSCURO SUJETO ESTA GOLPEANDO A UNA  FEMENINA Y LA AMENAZA DE MUERTE  ",1
"BAJO LOS ARBOLES Y ABORDO DE VEHICULO DEL CUAL SOLO INDICAN DE COLOR OSCURO CON LAS LUCES ENCENDIDAS ESTA UN MASCULINO AGREDIENDO A UNA MUJER. ",1
"MENCIONA QUE SU VECINO UN MASCULINO DE APROX 40 A?OS ESTA EN LA VIA PUBLICA AGREDIENDO VERBAL Y FISICAMENTE A SU ESPOSA Y GOLPEANDO LOS VEHICULOS DE LOS VECINOS CON UN PALO ",1
"LA PERSONA QUE REPORTA REFIERE QUE DOS FEMENINAS LE QUEBRARON LOS VIDRIOS DE SU VEHICULO IBA AGREDIRLO A EL UNA DE LAS FEMENINAS ES SU EXPAREJA  ",0
"INDICA QUE DONDE TERMINA EL PARQUE SAN RAFAEL SE ESTA OBSERVADO HUMO Y UN OLOR FUERTE A BASURA QUEMADA NO PROPROCIONA MAS DATOS",0
"EN TERRENO BALDIO SE QUEMA PASTO SECO BASURA EL FUEGO LLEGÓ A UN POSTE DE MADERA LLAMAS ALTAS HUMO COLOR NEGRO PIDE APOYO DE UNA UNIDAD PARA REVISAR LA SITUACIÓN PRESENTE.",0
"EN EL AREA DE LAVADO DE LA VIVIENDA MENCIONADA DEBIDO A UN CORTO CIRCUITO SE PRESENTO LLAMAS Y HUMO EL ESPOSO DE LA USUARIA APAGO EL FUEGO SE PROVOCO EL CORTO CIRCUITO EN LA FINCA PIDE APOYO DE UNA UNIDAD PARA REVISAR LA SITUACIÓN PRESENTE.",0
"UNA FEMENINA DE 50 ANOS SE ENCUENTRAN QUEMANDO UN MUEBLE DE MADERA AL MENCIONARLE QUE APAGARA EL FUEGO COMENZÓ A PONERSE AGRESIVA CON EL USUARIO EL HUMO ESTA INGRESANDO A TODOS LOS DEPARTAMENTOS Y VIVIENDAS VECINAS PIDE APOYO DE UNA UNIDAD PARA REVISAR LA SITUACIÓN PRESENTE.",0
"EN UN TERRENO BARDEADO ESTAN QUEMANDO LLANTAS Y BASURA. EL DUENO ES MASCULINO DE 30 ANOS. MENCIONA QUE SEGUIDO QUEMA BASURA Y CONTAMINA LA COLONIA EL HUMO ES COLOR NEGRO Y MUY DENSO",0
"DENTRO DE CONDOMINIO IBIZA ENFRENTE DEL DIGITO 89. SE QUEMA UNA VIVIENDA DE DOS PISOS PARECE QUE EXPLOTO EL BOILER. EL HUMO ES COLOR NEGRO. SU ESPOSO LE GRITO QUE LLAMARA A LA AMBULANCIA PORQUE UNA SENORA SE HABIA QUEMADO. USUARIO NO ESTA EN EL LUGAR.",0
"AL PARECER HAY UNA PERSONA EN EL INTERIOR ES UN MASCULINO ALCOHÓLICO . ES UNA CASA DE UNA PLANTA SE OBSERVA FUEGO Y SALIDA DE HUMO. A LOS COSTADOS HAY CASAS.",0
"REFIERE UNA CASA DE DOS PISOS SE OBSERVA DEMASIADO HUMO EN EL SEGUNDO PISO DESCONOCE SI CONTINUAN HABITANTES DENTRO LA INFORMANTE ES VECINA NO PROPORCIONA MAS DATOS",0
"MENCIONA QUE SE QUEMA AL PARECE UN TALLER MECANICO Y ATRAS UNA VIVIENDA EL HUMO ES COLOR NEGRO. EL FUEGO TIENE 5 MTRS DE ALTURA. ACABAN DE LLEGAR LOS DUENOS DEL TALLER. USUARIO ESTA RETIRADO DEL LUGAR",0
"SE REPORTA EN PARECER PATIO EXTERIOR TRASERO UNA QUEMA DE PLASTICO LLAMAS ALTAS HUMO COLOR NEGRO DESCONOCE QUE SUCEDE REALMENTE EN EL INTERIOR PIDE APOYO DE UNA UNIDAD PARA REVISAR LA SITUACIÓN PRESENTE.",0
"ES UNA VIVIENDA DE UNA PLANTA. SE OBSERVA FUEGO EN LA AZOTEA LA SALIDA DE HUMO COLOR NEGRO.  LAS LLAMAS ALCANZAN LOS 3 METROS DE ALTURA... A UN LADO HAY UN TALLER MECANICO. INFORMANTE ESTÁ A DISTANCIA DESCONOCE MÁS DATOS.",0
"INCENDIO EN CASA HABITACION DE UNA SOLA PLANTA SALIDA DE HUMO NEGRO A LOS COSTADOS HAY UN NEGOCIO TALLER MECANICO Y UN GIMNASIO.",0
"REFIERE OBSERVAR DEMASIADO HUMO Y EL OLOR ES INTENSO AL PARECER ESTAN QUEMANDO CABLE DESDE HACE 20 MIN APROX EL INFORMANTE ES VECINO",0
"INCENDIO EN LOTE BALDIO CON PASTIZAL SALIDA DE HUMO GRIS A UN COSTADO ESTÁ UNA LADRILLERA.",0
"ES UN TERRENO BALDIO SE QUEMA PASTO SECO EL HUMO ES COLOR NEGRO. HAY VIVIENDAS CERCANAS AL INCENDIO",0
"NOTA: CON REFERENCIA AL REPORTE SE INFORMA QUE SE INCENDIA UN ARBOL Y UN VEHICULO EN EL LUGAR.  LA USUARIA REFIERE QUE PUEDE VER FUEGO Y HUMO PERO DESCONOCE LO QUE SE INCENDIA.",0
